"repo","path","content"
"keras-team/keras-io","examples/vision/image_classification_from_scratch.py","""""""
Title: Image classification from scratch
Author: [fchollet](https://twitter.com/fchollet)
Date created: 2020/04/27
Last modified: 2023/11/09
Description: Training an image classifier from scratch on the Kaggle Cats vs Dogs dataset.
Accelerator: GPU
""""""

""""""
## Introduction

This example shows how to do image classification from scratch, starting from JPEG
image files on disk, without leveraging pre-trained weights or a pre-made Keras
Application model. We demonstrate the workflow on the Kaggle Cats vs Dogs binary
classification dataset.

We use the `image_dataset_from_directory` utility to generate the datasets, and
we use Keras image preprocessing layers for image standardization and data augmentation.
""""""

""""""
## Setup
""""""

import os
import numpy as np
import keras
from keras import layers
from tensorflow import data as tf_data
import matplotlib.pyplot as plt

""""""
## Load the data: the Cats vs Dogs dataset

### Raw data download

First, let's download the 786M ZIP archive of the raw data:
""""""

""""""shell
curl -O https://download.microsoft.com/download/3/E/1/3E1C3F21-ECDB-4869-8368-6DEBA77B919F/kagglecatsanddogs_5340.zip
""""""

""""""shell
unzip -q kagglecatsanddogs_5340.zip
ls
""""""

""""""
Now we have a `PetImages` folder which contain two subfolders, `Cat` and `Dog`. Each
subfolder contains image files for each category.
""""""

""""""shell
ls PetImages
""""""

""""""
### Filter out corrupted images

When working with lots of real-world image data, corrupted images are a common
occurence. Let's filter out badly-encoded images that do not feature the string ""JFIF""
in their header.
""""""

num_skipped = 0
for folder_name in (""Cat"", ""Dog""):
    folder_path = os.path.join(""PetImages"", folder_name)
    for fname in os.listdir(folder_path):
        fpath = os.path.join(folder_path, fname)
        try:
            fobj = open(fpath, ""rb"")
            is_jfif = b""JFIF"" in fobj.peek(10)
        finally:
            fobj.close()

        if not is_jfif:
            num_skipped += 1
            # Delete corrupted image
            os.remove(fpath)

print(f""Deleted {num_skipped} images."")

""""""
## Generate a `Dataset`
""""""

image_size = (180, 180)
batch_size = 128

train_ds, val_ds = keras.utils.image_dataset_from_directory(
    ""PetImages"",
    validation_split=0.2,
    subset=""both"",
    seed=1337,
    image_size=image_size,
    batch_size=batch_size,
)

""""""
## Visualize the data

Here are the first 9 images in the training dataset.
""""""


plt.figure(figsize=(10, 10))
for images, labels in train_ds.take(1):
    for i in range(9):
        ax = plt.subplot(3, 3, i + 1)
        plt.imshow(np.array(images[i]).astype(""uint8""))
        plt.title(int(labels[i]))
        plt.axis(""off"")

""""""
## Using image data augmentation

When you don't have a large image dataset, it's a good practice to artificially
introduce sample diversity by applying random yet realistic transformations to the
training images, such as random horizontal flipping or small random rotations. This
helps expose the model to different aspects of the training data while slowing down
overfitting.
""""""

data_augmentation_layers = [
    layers.RandomFlip(""horizontal""),
    layers.RandomRotation(0.1),
]


def data_augmentation(images):
    for layer in data_augmentation_layers:
        images = layer(images)
    return images


""""""
Let's visualize what the augmented samples look like, by applying `data_augmentation`
repeatedly to the first few images in the dataset:
""""""

plt.figure(figsize=(10, 10))
for images, _ in train_ds.take(1):
    for i in range(9):
        augmented_images = data_augmentation(images)
        ax = plt.subplot(3, 3, i + 1)
        plt.imshow(np.array(augmented_images[0]).astype(""uint8""))
        plt.axis(""off"")


""""""
## Standardizing the data

Our image are already in a standard size (180x180), as they are being yielded as
contiguous `float32` batches by our dataset. However, their RGB channel values are in
the `[0, 255]` range. This is not ideal for a neural network;
in general you should seek to make your input values small. Here, we will
standardize values to be in the `[0, 1]` by using a `Rescaling` layer at the start of
our model.
""""""

""""""
## Two options to preprocess the data

There are two ways you could be using the `data_augmentation` preprocessor:

**Option 1: Make it part of the model**, like this:

```python
inputs = keras.Input(shape=input_shape)
x = data_augmentation(inputs)
x = layers.Rescaling(1./255)(x)
...  # Rest of the model
```

With this option, your data augmentation will happen *on device*, synchronously
with the rest of the model execution, meaning that it will benefit from GPU
acceleration.

Note that data augmentation is inactive at test time, so the input samples will only be
augmented during `fit()`, not when calling `evaluate()` or `predict()`.

If you're training on GPU, this may be a good option.

**Option 2: apply it to the dataset**, so as to obtain a dataset that yields batches of
augmented images, like this:

```python
augmented_train_ds = train_ds.map(
    lambda x, y: (data_augmentation(x, training=True), y))
```

With this option, your data augmentation will happen **on CPU**, asynchronously, and will
be buffered before going into the model.

If you're training on CPU, this is the better option, since it makes data augmentation
asynchronous and non-blocking.

In our case, we'll go with the second option. If you're not sure
which one to pick, this second option (asynchronous preprocessing) is always a solid choice.
""""""

""""""
## Configure the dataset for performance

Let's apply data augmentation to our training dataset,
and let's make sure to use buffered prefetching so we can yield data from disk without
having I/O becoming blocking:
""""""

# Apply `data_augmentation` to the training images.
train_ds = train_ds.map(
    lambda img, label: (data_augmentation(img), label),
    num_parallel_calls=tf_data.AUTOTUNE,
)
# Prefetching samples in GPU memory helps maximize GPU utilization.
train_ds = train_ds.prefetch(tf_data.AUTOTUNE)
val_ds = val_ds.prefetch(tf_data.AUTOTUNE)

""""""
## Build a model

We'll build a small version of the Xception network. We haven't particularly tried to
optimize the architecture; if you want to do a systematic search for the best model
configuration, consider using
[KerasTuner](https://github.com/keras-team/keras-tuner).

Note that:

- We start the model with the `data_augmentation` preprocessor, followed by a
 `Rescaling` layer.
- We include a `Dropout` layer before the final classification layer.
""""""


def make_model(input_shape, num_classes):
    inputs = keras.Input(shape=input_shape)

    # Entry block
    x = layers.Rescaling(1.0 / 255)(inputs)
    x = layers.Conv2D(128, 3, strides=2, padding=""same"")(x)
    x = layers.BatchNormalization()(x)
    x = layers.Activation(""relu"")(x)

    previous_block_activation = x  # Set aside residual

    for size in [256, 512, 728]:
        x = layers.Activation(""relu"")(x)
        x = layers.SeparableConv2D(size, 3, padding=""same"")(x)
        x = layers.BatchNormalization()(x)

        x = layers.Activation(""relu"")(x)
        x = layers.SeparableConv2D(size, 3, padding=""same"")(x)
        x = layers.BatchNormalization()(x)

        x = layers.MaxPooling2D(3, strides=2, padding=""same"")(x)

        # Project residual
        residual = layers.Conv2D(size, 1, strides=2, padding=""same"")(
            previous_block_activation
        )
        x = layers.add([x, residual])  # Add back residual
        previous_block_activation = x  # Set aside next residual

    x = layers.SeparableConv2D(1024, 3, padding=""same"")(x)
    x = layers.BatchNormalization()(x)
    x = layers.Activation(""relu"")(x)

    x = layers.GlobalAveragePooling2D()(x)
    if num_classes == 2:
        units = 1
    else:
        units = num_classes

    x = layers.Dropout(0.25)(x)
    # We specify activation=None so as to return logits
    outputs = layers.Dense(units, activation=None)(x)
    return keras.Model(inputs, outputs)


model = make_model(input_shape=image_size + (3,), num_classes=2)
keras.utils.plot_model(model, show_shapes=True)

""""""
## Train the model
""""""

epochs = 25

callbacks = [
    keras.callbacks.ModelCheckpoint(""save_at_{epoch}.keras""),
]
model.compile(
    optimizer=keras.optimizers.Adam(3e-4),
    loss=keras.losses.BinaryCrossentropy(from_logits=True),
    metrics=[keras.metrics.BinaryAccuracy(name=""acc"")],
)
model.fit(
    train_ds,
    epochs=epochs,
    callbacks=callbacks,
    validation_data=val_ds,
)

""""""
We get to >90% validation accuracy after training for 25 epochs on the full dataset
(in practice, you can train for 50+ epochs before validation performance starts degrading).
""""""

""""""
## Run inference on new data

Note that data augmentation and dropout are inactive at inference time.
""""""

img = keras.utils.load_img(""PetImages/Cat/6779.jpg"", target_size=image_size)
plt.imshow(img)

img_array = keras.utils.img_to_array(img)
img_array = keras.ops.expand_dims(img_array, 0)  # Create batch axis

predictions = model.predict(img_array)
score = float(keras.ops.sigmoid(predictions[0][0]))
print(f""This image is {100 * (1 - score):.2f}% cat and {100 * score:.2f}% dog."")
"
"hbb1/torch-splatting","train.py","import torch
import numpy as np
import gaussian_splatting.utils as utils
from gaussian_splatting.trainer import Trainer
import gaussian_splatting.utils.loss_utils as loss_utils
from gaussian_splatting.utils.data_utils import read_all
from gaussian_splatting.utils.camera_utils import to_viewpoint_camera
from gaussian_splatting.utils.point_utils import get_point_clouds
from gaussian_splatting.gauss_model import GaussModel
from gaussian_splatting.gauss_render import GaussRenderer

import contextlib

from torch.profiler import profile, ProfilerActivity

USE_GPU_PYTORCH = True
USE_PROFILE = False

class GSSTrainer(Trainer):
    def __init__(self, **kwargs):
        super().__init__(**kwargs)
        self.data = kwargs.get('data')
        self.gaussRender = GaussRenderer(**kwargs.get('render_kwargs', {}))
        self.lambda_dssim = 0.2
        self.lambda_depth = 0.0
    
    def on_train_step(self):
        ind = np.random.choice(len(self.data['camera']))
        camera = self.data['camera'][ind]
        rgb = self.data['rgb'][ind]
        depth = self.data['depth'][ind]
        mask = (self.data['alpha'][ind] > 0.5)
        if USE_GPU_PYTORCH:
            camera = to_viewpoint_camera(camera)

        if USE_PROFILE:
            prof = profile(activities=[ProfilerActivity.CUDA], with_stack=True)
        else:
            prof = contextlib.nullcontext()

        with prof:
            out = self.gaussRender(pc=self.model, camera=camera)

        if USE_PROFILE:
            print(prof.key_averages(group_by_stack_n=True).table(sort_by='self_cuda_time_total', row_limit=20))


        l1_loss = loss_utils.l1_loss(out['render'], rgb)
        depth_loss = loss_utils.l1_loss(out['depth'][..., 0][mask], depth[mask])
        ssim_loss = 1.0-loss_utils.ssim(out['render'], rgb)

        total_loss = (1-self.lambda_dssim) * l1_loss + self.lambda_dssim * ssim_loss + depth_loss * self.lambda_depth
        psnr = utils.img2psnr(out['render'], rgb)
        log_dict = {'total': total_loss,'l1':l1_loss, 'ssim': ssim_loss, 'depth': depth_loss, 'psnr': psnr}

        return total_loss, log_dict

    def on_evaluate_step(self, **kwargs):
        import matplotlib.pyplot as plt
        ind = np.random.choice(len(self.data['camera']))
        camera = self.data['camera'][ind]
        if USE_GPU_PYTORCH:
            camera = to_viewpoint_camera(camera)

        rgb = self.data['rgb'][ind].detach().cpu().numpy()
        out = self.gaussRender(pc=self.model, camera=camera)
        rgb_pd = out['render'].detach().cpu().numpy()
        depth_pd = out['depth'].detach().cpu().numpy()[..., 0]
        depth = self.data['depth'][ind].detach().cpu().numpy()
        depth = np.concatenate([depth, depth_pd], axis=1)
        depth = (1 - depth / depth.max())
        depth = plt.get_cmap('jet')(depth)[..., :3]
        image = np.concatenate([rgb, rgb_pd], axis=1)
        image = np.concatenate([image, depth], axis=0)
        utils.imwrite(str(self.results_folder / f'image-{self.step}.png'), image)


if __name__ == ""__main__"":
    device = 'cuda'
    folder = './B075X65R3X'
    data = read_all(folder, resize_factor=0.5)
    data = {k: v.to(device) for k, v in data.items()}
    data['depth_range'] = torch.Tensor([[1,3]]*len(data['rgb'])).to(device)


    points = get_point_clouds(data['camera'], data['depth'], data['alpha'], data['rgb'])
    raw_points = points.random_sample(2**14)
    # raw_points.write_ply(open('points.ply', 'wb'))

    gaussModel = GaussModel(sh_degree=4, debug=False)
    gaussModel.create_from_pcd(pcd=raw_points)
    
    render_kwargs = {
        'white_bkgd': True,
    }

    trainer = GSSTrainer(model=gaussModel, 
        data=data,
        train_batch_size=1, 
        train_num_steps=25000,
        i_image =100,
        train_lr=1e-3, 
        amp=False,
        fp16=False,
        results_folder='result/test',
        render_kwargs=render_kwargs,
    )

    trainer.on_evaluate_step()
    trainer.train()"
"nishio/reinforcement_learning","t.py","""""""
Quarto

0: vacant
1-16: occupied
""""""
import numpy as np
from collections import Counter

def board_to_int(board):
    s = 0L
    for i in range(16):
        s += long(board[i]) * (17 ** i)
    return s

def board_to_possible_hands(board):
    return [i for i in range(16) if board[i] == 0]

def init_board():
    return np.zeros(16, dtype=np.int)

def init_Q():
    from scipy.sparse import dok_matrix
    return dok_matrix((17 ** 16, 16 * 16))

LINES = [
    [0, 1, 2, 3], [4, 5, 6, 7], [8, 9, 10, 11], [12, 13, 14, 15],
    [0, 4, 8, 12], [1, 5, 9, 13], [2, 6, 10, 14], [3, 7, 11, 15],
    [0, 5, 10, 15], [3, 6, 9, 12]
]
def is_win(board):
    for line in LINES:
        xs = board[line]
        if any(x == 0 for x in xs): continue
        a, b, c, d = xs - 1
        if a & b & c & d != 0:
            return 1
        if a | b | c | d != 15:
            return 1
    return 0

def print_board(board):
    """"""
    >>> print_board(range(16))
    . o x o | . o o x | . o o o | . o o o
    x o x o | x o o x | o x x x | o o o o
    x o x o | x o o x | x o o o | o x x x
    x o x o | x o o x | o x x x | x x x x
    """"""
    m = np.zeros((16, 4), dtype=np.int)
    for i in range(16):
        if board[i] == 0:
            m[i, :] = 0
        else:
            v = board[i] - 1
            for bit in range(4):  #  nth bit
                m[i, bit] = ((v >> bit) & 1) + 1

    for y in range(4):
        print ' | '.join(
            ' '.join(
                ['.ox'[v] for v in m[y * 4 : (y + 1) * 4, bit]]
            )
        for bit in range(4))
    print


def policy_random(env):
    from random import choice
    position = choice(board_to_possible_hands(env.board))
    piece = choice(env.available_pieces)
    return (position, piece)


class Environment(object):
    def __init__(self, policy=policy_random):
        self.op_policy = policy
        self.result_log =[]
        self.init_env()

    def init_env(self):
        self.board = init_board()
        self.available_pieces= range(2, 17)
        self.selected_piece = 1

    def _update(self, action, k=1, to_print=False):
        position, piece = action

        if self.board[position] != 0:
            # illegal move
            print 'illegal pos'
            self.init_env()
            self.result_log.append(-1 * k)
            return (self.board, -1 * k)

        if piece not in self.available_pieces:
            # illegal move
            print 'illegal piece'
            self.init_env()
            self.result_log.append(-1 * k)
            return (self.board, -1 * k)

        self.board[position] = self.selected_piece
        self.available_pieces.remove(piece)
        self.selected_piece = piece

        if to_print:
            print k, action
            print_board(self.board)

        b = is_win(self.board)
        if b:
            self.init_env()
            self.result_log.append(+1 * k)
            return (self.board, +1 * k)

        if not self.available_pieces:
            # put selected piece
            self.board[self.board==0] = self.selected_piece
            b = is_win(self.board)
            if to_print:
                print 'last move'
                print_board(self.board)

            self.init_env()
            if b:
                # opponent win
                self.result_log.append(-1 * k)
                return (self.board, -1 * k)
            else:
                # tie
                self.result_log.append(0)
                return (self.board, -1)

        return None

    def __call__(self, action, to_print=False):
        ret = self._update(action, k=1, to_print=to_print)
        if ret: return ret
        op_action = self.op_policy(self)
        ret = self._update(op_action, k=-1, to_print=to_print)
        if ret: return ret
        return (self.board, 0)


def play(policy1, policy2=policy_random, to_print=False):
    env = Environment()
    result = 0

    for i in range(9):
        a = policy1(env)
        s, r = env(a, to_print=to_print)
        if r != 0: break
    if to_print:
        print env.result_log[-1]
    return env.result_log[-1]

#play(policy_random, to_print=True)


class Greedy(object):
    def __init__(self):
        self.Qtable = init_Q()

    def __call__(self, env):
        from random import choice
        s = board_to_int(env.board)
        actions = (action_to_int((pos, piece))
            for pos in board_to_possible_hands(env.board)
            for piece in env.available_pieces
        )
        qa = [(self.Qtable[s, a], a) for a in actions]
        bestQ, bestA = max(qa)
        bextQ, bestA = choice([(q, a) for (q, a) in qa if q == bestQ])
        return int_to_action(bestA)


class EpsilonGreedy(object):
    def __init__(self, eps=0.1):
        self.Qtable = init_Q()
        self.eps = eps

    def __call__(self, env):
        from random import choice, random
        s = board_to_int(env.board)
        if random() < self.eps:
            pos = choice(board_to_possible_hands(env.board))
            piece = choice(env.available_pieces)
            return (pos, piece)

        actions = (action_to_int((pos, piece))
            for pos in board_to_possible_hands(env.board)
            for piece in env.available_pieces
        )
        qa = [(self.Qtable[s, a], a) for a in actions]
        bestQ, bestA = max(qa)
        bextQ, bestA = choice([(q, a) for (q, a) in qa if q == bestQ])
        return int_to_action(bestA)


def board_to_state(board):
    return board_to_int(board)

def action_to_int(action):
    pos, piece = action
    return pos * 16 + (piece - 1)

def int_to_action(i):
    assert 0 <= i < 16 * 16
    return (i / 16, i % 16 + 1)


from kagura.utils import Digest
digest = Digest(1)
battle_per_seconds = []

def sarsa(alpha, policyClass=Greedy):
    global environment, policy
    gamma = 0.9
    num_result = batch_width * num_batch
    environment = Environment()
    policy = policyClass()

    action = policy(environment)
    state = board_to_state(environment.board)
    while True:
        next_board, reward = environment(action)
        next_state = board_to_state(next_board)

        # determine a'
        next_action = policy(environment)
        nextQ = policy.Qtable[next_state, action_to_int(next_action)]

        # update Q(s, a)
        s_a = (state, action_to_int(action))
        Qsa = policy.Qtable[s_a]
        estimated_reward = reward + gamma * nextQ
        diff = estimated_reward - Qsa
        policy.Qtable[s_a] += alpha * diff

        state = next_state
        action = next_action
        if len(environment.result_log) == num_result:
            break
        t = digest.digest(len(environment.result_log))
        if t:
            battle_per_seconds.append(t)

    vs = []
    for i in range(num_batch):
        c = Counter(environment.result_log[batch_width * i : batch_width * (i + 1)])
        print c
        vs.append(float(c[1]) / batch_width)
    return vs


def qlearn(alpha, policyClass=Greedy):
    global environment, policy
    gamma = 0.9
    num_result = batch_width * num_batch
    environment = Environment()
    policy = policyClass()

    state = board_to_state(environment.board)
    while True:
        action = policy(environment)
        next_board, reward = environment(action)
        next_state = board_to_state(next_board)

        # update Q(s, a)
        maxQ = max(policy.Qtable[next_state, a] for a in board_to_possible_hands(next_board))
        s_a = (state, action_to_int(action))

        Qsa = policy.Qtable[s_a]
        estimated_reward = reward + gamma * maxQ
        diff = estimated_reward - Qsa
        policy.Qtable[s_a] += alpha * diff

        state = next_state

        if len(environment.result_log) == num_result:
            break
        t = digest.digest(len(environment.result_log))
        if t:
            battle_per_seconds.append(t)

    vs = []
    for i in range(num_batch):
        c = Counter(environment.result_log[batch_width * i : batch_width * (i + 1)])
        print c
        vs.append(float(c[1]) / batch_width)
    return vs



def plot_log():
    from kagura import load
    result_log = load(""sarsa_0.05_result_log"")
    batch_width = 1000
    num_batch = 1000
    vs = []
    for i in range(num_batch):
        c = Counter(result_log[batch_width * i : batch_width * (i + 1)])
        print c
        vs.append(float(c[1]) / batch_width)

    label = 'Sarsa(0.05)'
    imgname = 'sarsa_0.05.png'
    plot()

def plot():
    import matplotlib.pyplot as plt
    plt.clf()
    plt.plot([0.475] * len(vs), label = ""baseline"")
    plt.plot(vs, label=label)
    plt.xlabel(""iteration"")
    plt.ylabel(""Prob. of win"")
    plt.legend(loc = 4)
    plt.savefig(imgname)


def f(n, m):
    if m == 1: return n + 1
    return n * f(n - 1, m - 1) + f(n, m - 1)


if not'ex1':
    from collections import Counter
    print Counter(
        play(policy_random) for i in range(10000))
elif not'ex2':
    batch_width = 1000
    num_batch = 100
    vs = sarsa(0.5)
elif not'ex3':
    batch_width = 1000
    num_batch = 1000
    vs = sarsa(0.5)

if 0:
    batch_width = 1000
    num_batch = 1000
    vs = qlearn(0.5)
    label = 'Qlearn(0.5)'
    imgname = 'qlearn.png'
elif 0:
    batch_width = 1000
    num_batch = 1000
    vs = qlearn(0.05)
    label = 'Qlearn(0.05)'
    imgname = 'qlearn_0.05.png'


from kagura import dump
if 0:
    batch_width = 1000
    num_batch = 1000
    vs = sarsa(0.5, policyClass=EpsilonGreedy)
    label = 'Sarsa(0.5, eps=0.1)'
    imgname = 'sarsa_0.5_eps0.1.png'
    dump(environment.result_log, imgname.replace('.png', '_result_log'))
elif 0:
    batch_width = 1000
    num_batch = 1000
    vs = sarsa(0.05, policyClass=EpsilonGreedy)
    label = 'Sarsa(0.05, eps=0.1)'
    imgname = 'sarsa_0.05_eps0.1.png'
    dump(environment.result_log, imgname.replace('.png', '_result_log'))

if 0:
    batch_width = 100
    num_batch = 1000
    vs = sarsa(0.05, policyClass=Greedy)
    label = 'Sarsa(0.05)'
    imgname = 'sarsa_0.05_2.png'
    dump(environment.result_log, imgname.replace('.png', '_result_log'))


batch_width = 1000
num_batch = 100
vs = sarsa(0.5)
label = 'Sarsa(0.5)'
imgname = 'sarsa_0.5_2.png'

plot()

"
"glangsto/analyze","r.py","#Python Script to plot raw NSF record data.
#plot the raw data from the observation
#HISTORY
#24Nov02 GIL accomodate tick font size change arguments
#23Mar04 GIL fix matplot lib changes/deprications.   Short label if el < 0
#22May20 GIL if file not recognized skip
#20Dec24 GIL remove 20 from plot file names
#20Aug28 GIL update plotting to a file
#20Jun16 GIL add plotting to a file
#20Apr01 GIL update for new python environment
#20FEB15 GIL normalize for different integration times
#19DEC30 GIL add title option
#17NOV21 GIL use time in file to show date and time
#16AUG29 GIL make more efficient
#16AUG16 GIL use new radiospectrum class
#15AUG30 add option to plot range fo values
#15JUL01 GIL Initial version
#
import matplotlib as mpl
import sys
import numpy as np
import radioastronomy
import interpolate

dy = -1.

nargs = len( sys.argv)
verbose = True

# some SDRs put spike in center of spectrum; indicate spike flagging here
flagCenter = False # flag interpolate over spike in center of spectrum
doDebug = False   # flag printing debug info
doSave = False    # flag saving intermediate files
flagRfi = True    # flag flagging RFI
doFold = False    # fold spectra to address an old issue; not normally used.
doPlotFile = False
plotFileDir = ""~/""
# put your list of known RFI features here.  Must have at least two, if flagRfi is true.
linelist = [1400.00, 1420.0]  # RFI lines in MHz
doFold = False
# fold spectra to address an old issue; not normally used.

# put your list of known RFI features here.  Must have at least two, if flagRfi is true.

plotFrequency = True
# define reference frequency for velocities (MHz)
nuh1 = 1420.40575 # neutral hydrogen frequency (MHz)
nuoh1= 1612.231   # OH line
nuoh2= 1665.402   # OH line
nuoh3= 1667.359   # OH Line
nuoh4= 1720.530   # OH Line

# select the frequency for plotting velocities
nuRefFreq = nuh1

linelist = [1400.00, 1420.0]  # RFI lines in MHz
linewidth = [5, 5]   # integer number of channels to interpolate over
outDir = ""./""     # define output directory for saving files
myTitle = """"      # Default no input title
note = """"

# currently used velocities for plotting range
maxvel = 180.
minvel = -180.
maxPlot = int(25)
fileTag = """"
firstdate = """"
doScaleAve = False

nargs = len(sys.argv)
#first argument is the averaging time in seconds
namearg = 1
iarg = 1          # start searching for input flags
if nargs < 2:
    print(""R: Plot Raw counts of telescope observations"")
    print(""Usage: R <flags> <files>"")
    print(""Where <flags> are:"")
    print(""-A optionally scale intensities by count of spectra averaged"")
    print(""-B <sample> Set first sample to plot (default is 1/4 of samples)"")
    print(""-C optionally flag the center of the band"")
    print(""-E <sample> Set last sample to plot (default is end of samples)"")
    print(""-H optionally set the high velocity region for baseline fit"")
    print(""-K optionall save average hot and cold load calibration observations"")
    print(""-L optionally set the low velocity region for baseline fit"")
    print(""-N <number> optionally set the number of spectra to plot"")
    print(""-P write PNG and PDF files instead of showing plot"")
    print(""-Q optionally plot intensity versus freQuency, instead of velocity"")
    print(""-S <filename> optionally set summary file name"")
    print(""-U optionally update reference frequency for a different line"")
    print(""   ie -U 1612.231, 1665.402, 1667.349, 1720.530 or 1420.40575"")
    print(""-V optionally plot velocity"")
    print(""-Z <file tag> optionally add tag to PDF and PNG file names"")
    print(""-F optionally fold spectra (obsolete)"")
    print("""")
    print(""Glen Langston - NSF Dec 24, 2020"")
    exit()

xa = -1
xb = -1

namearg = 1
# for all arguments, read list and exit when no flag argument found
while iarg < nargs:

    # if folding data
    if sys.argv[iarg].upper() == '-F':
        print('Folding specectra')
        doFold = True
    elif sys.argv[iarg].upper() == '-A':
        toScalAve = True
    elif sys.argv[iarg].upper() == '-B':   # if setting beginning sample
        iarg = iarg + 1
        xa = int( sys.argv[iarg])
        print('Plotting starting at channel: %4d' % (xa))
    elif sys.argv[iarg].upper() == '-C':
        flagCenter = True
    elif sys.argv[iarg].upper() == '-E':   # if setting ending sample
        iarg = iarg + 1
        xb = int( sys.argv[iarg])
    elif sys.argv[iarg].upper() == '-H':
        iarg = iarg+1
        maxvel = np.float( sys.argv[iarg])
        print('Maximum (high) velocity for sum: %7.2f km/sec' % (maxvel))
    elif sys.argv[iarg].upper() == '-L':
        iarg = iarg+1
        minvel = np.float( sys.argv[iarg])
        print('Minium (low)  velocity for sum: %7.2f km/sec' % (minvel))
    elif sys.argv[iarg].upper() == '-N':   # if number of spectra to plot
        iarg = iarg+1
        maxPlot = int(sys.argv[iarg])
        if maxPlot < 1:
            print(""Not Plotting"")
        else:
            print(""Plot will have a maximum of %d spectra"" % (maxPlot))
    elif sys.argv[iarg].upper() == '-P':
        doPlotFile = True
        iarg = iarg+1
        plotFileDir = sys.argv[iarg]
    elif sys.argv[iarg].upper() == '-Q':
        plotFrequency = True
    elif sys.argv[iarg].upper() == '-R':
        flagRfi = True
    elif sys.argv[iarg].upper() == '-T':   # if plot title provided
        iarg = iarg+1
        myTitle = sys.argv[iarg]
        print('Plot Title : ', myTitle)
    elif sys.argv[iarg].upper() == '-V':   # default is plotting Frequency
        plotFrequency = False              # plot velocity
    elif sys.argv[iarg].upper() == '-VA':   # now look for flags with arguments
        iarg = iarg+1
        minvel = float(sys.argv[iarg])
        print('Minimum velocity for baseline fit: %7.2f km/sec ' % (minvel))
    elif sys.argv[iarg].upper() == '-VB':   # now look for flags with arguments
        iarg = iarg+1
        maxvel = float(sys.argv[iarg])
        print('Maximum velocity for baseline fit: %7.2f km/sec ' % (maxvel))
    elif sys.argv[iarg].upper() == '-CEN':   # if nU ref is provided (in MHz)n
        iarg = iarg+1
        nuRefFreq = float(sys.argv[iarg])
        print( 'Reference Frequency : %9.3f MHz' % (nuRefFreq))
    elif sys.argv[iarg].upper() == '-Z':     # label written files
        iarg = iarg+1
        fileTag = str(sys.argv[iarg])
        print( 'File tag: %s' % (fileTag))
    else:
        break
#    namearg = iarg + 1
    namearg = iarg + 1
    iarg = iarg + 1
# end of while not reading file names

# to create plots in cronjobs, must use a different backend
if doPlotFile:
    mpl.use('Agg')
import matplotlib.pyplot as plt
import gainfactor as gf

if plotFrequency:
    print( ""Ploting Intensity versus Frequency"")
else:
    print( ""Ploting Intensity versus Velocity"")

linestyles = ['-','-','--','-.','-','--','-.','-','--','-.','-','--','-.','-','--','-.','-','--','-','-','--','-.','-','--','-.','-','--','-.','-','--','-.','-','--','-.','-','--','-.']
colors = ['g', 'b', 'r', 'b','r','g','b','r','g','b','r','g','b','r','g','b','r','g','b','r','g','b','r','g','b','r','g','b','r','g','b','r','g','b','r','g','b','r','g']
colors =  ['b','r','g', 'b','r','g','b','r','g','c','m','y','c','m','y','c','m','y','b','r','g','b','r','g','b','r','g','b','r','g','b','r','g','b','r','g']
#colors = ['g', 'b', 'r', '-b','-r','-g','-b','-r','-g','-b','-r','-g','-b','-r','-g','-b','-r','-g','-b','-r','-g','-b','-r','-g','-b','-r','-g','-b','-r','-g','-b','-r','-g','-b','-r','-g','-b','-r','-g']

scalefactor = 1.0
xallmax = -9.e9
xallmin =  9.e9
yallmax = -9.e9
yallmin =  9.e9

linelist = [1420.0, 1418.0]  # RFI lines in MHz
linewidth = [7, 7]

#for symbol, value in locals().items():

# initialize spectrum for reading and plotting
rs = radioastronomy.Spectrum()

c = 299792.458  # (Speed of light  km/sec)
nplot = 0

# plot no more than N spectra
for iii in range(namearg, min(nargs,30)):

    filename = sys.argv[iii]
    if verbose:
        print('%5d: %s' % (iii, filename))

    rs.read_spec_ast( filename)
# for averages can not use az,el to get ra,dec and glat, glon
#    rs.azel2radec()    # compute ra,dec from az,el

    parts = filename.split('/')
    nparts = len(parts)
    aname = parts[nparts-1]
    parts = aname.split('.')
    aname = parts[0]
# now compute strings for plotting
    strtime = rs.utc.isoformat()
    parts = strtime.split('T')
    date  = parts[0]
    time  = parts[1]
    time  = time.replace('_',':')
    parts  = time.split('.')
    time = parts[0]

    if rs.nChan < 1:
        print(""Skipping file: %s"" % (filename))
        continue
    gallon = rs.gallon
    gallat = rs.gallat
    if rs.telel > 0:
        label = '%s, AZ,EL: %5s,%5s, Lon,Lat=%5.1f,%5.1f' % ( time,rs.telaz,rs.telel,gallon,gallat)
    else:
        label = '%s, AZ,EL: %5s,%5s' % ( time,rs.telaz,rs.telel)
    xv = rs.xdata  * 1.E-6 # convert to MHz
    nData = len( xv)
    n6 = int(nData/6)
    n56 = 5*n6

    if xa < 0:
        xa = 0
    if xb < 0:
        xb = nData

    if firstdate == """":
        firstdate = date
    lastdate = date

    vel = np.zeros(nData)
    for jjj in range (0, nData):
        vel[jjj] = c * (nuRefFreq - xv[jjj])/nuRefFreq

    if not plotFrequency:
        xa, xb = gf.velocity_to_indicies( vel, minvel, maxvel)

    # normize for different integration times
    if doScaleAve:
        rs.ydataA = rs.ydataA/rs.count
    else:
        rs.ydataA = rs.ydataA/rs.nave
    yv = rs.ydataA

    # The latest versions of the software had a different normalization
    ymedian = np.median(yv[n6:n56])
    # if the latest software, the scale factor is just 1.
    if ymedian > .001:
        scalefactor = 1.0

    yv = rs.ydataA * scalefactor
    if not plotFrequency:
        xv = vel
    xmin = min(xv[xa:xb])
    xmax = max(xv[xa:xb])
    xallmin = min(xmin,xallmin)
    xallmax = max(xmax,xallmax)

    if flagRfi:
        yv = interpolate.lines( linelist, linewidth, xv, yv) # interpolate rfi

    if flagCenter:             # if flagging spike in center of plot
    # remove spike in center of the plot
        icenter = int(nData/2)
        yv[icenter] = (yv[icenter-2] + yv[icenter+2])*.5
        yv[icenter-1] = (3.*yv[icenter-2] + yv[icenter+2])*.25
        yv[icenter+1] = (yv[icenter-2] + 3.*yv[icenter+2])*.25

    ymin = min(yv)
    ymax = max(yv)
    ymed = np.median(yv)
    count = rs.count

    print(' Max: %9.1f  Median: %9.1f SNR: %6.2f ; %s %s' % (ymax, ymed, ymax/ymed, count, label))
    if nplot <= 0 and maxPlot > 0:
#        fig = plt.figure(date)
        fig,ax1 = plt.subplots(figsize=(10,6))
#        fig.canvas.set_window_title(date)
#        plt.manager.canvas.set_window_title(date)
#        for tick in ax1.xaxis.get_major_ticks():
#            tick.label.set_fontsize(14)
#            tick.set_xticklabels(fontsize=14)
#        for tick in ax1.yaxis.get_major_ticks():
#            tick.label.set_fontsize(14)
#            tick.set_yticklabels(fontsize=14)

# We change the fontsize of minor ticks label 
        ax1.tick_params(axis='both', which='major', labelsize=14)
        ax1.tick_params(axis='both', which='minor', labelsize=12)
            
    nplot = nplot + 1
    if nplot > maxPlot:
        break
    note = rs.site
    yallmin = min(ymin,yallmin)
    yallmax = max(ymax,yallmax)
    plt.xlim(xallmin,xallmax)
# scale min and max intensities for nice plotting
    plt.ylim(0.9*yallmin,1.25*yallmax)

    if plotFrequency:
        plt.plot(xv[xa:xb], yv[xa:xb], colors[nplot], linestyle=linestyles[iii-1],label=label, lw=2)
    else:
        plt.plot(xv[xa:xb], yv[xa:xb], colors[nplot], linestyle=linestyles[iii-1],label=label, lw=2)

# end for all names loop
if (maxPlot < 1) or (nplot < 1):
    print(""No Plots, exiting"")
    exit()

if myTitle == """":
    myTitle = note

plt.title(myTitle, fontsize=16)
plt.xlabel('Frequency (MHz)',fontsize=16)
ylabel = 'Intensity (%s)' % rs.bunit
plt.ylabel(ylabel, fontsize=16)
plt.legend(loc='upper right')
# if writing files
if doPlotFile:
    firstdate = firstdate[2:]
    if fileTag == """":
        fileTag = ""R-"" + firstdate
    outpng = plotFileDir + fileTag + "".png""
    plt.savefig(outpng,bbox_inches='tight')
    outpdf = plotFileDir + fileTag + "".pdf""
    plt.savefig(outpdf,bbox_inches='tight')
    print( ""Wrote files %s and %s"" % (outpng, outpdf))
else:
    # else show the plots
    plt.show()
"
"QuantEcon/QuantEcon.lectures.code","getting_started/polar_bar_demo.py","import numpy as np
import matplotlib.pyplot as plt

N = 20
theta = np.linspace(0.0, 2 * np.pi, N, endpoint=False)
radii = 10 * np.random.rand(N)
width = np.pi / 4 * np.random.rand(N)

ax = plt.subplot(111, polar=True)
bars = ax.bar(theta, radii, width=width, bottom=0.0)

# Use custom colors and opacity
for r, bar in zip(radii, bars):
    bar.set_facecolor(plt.cm.jet(r / 10.))
    bar.set_alpha(0.5)

plt.show()"
"rutujar/androsensor","3.py","import csv  
import pandas as pd
import matplotlib.pyplot as plt  
andro_movelist = pd.read_csv(""data.csv"")  
andro_movelist.head()  
andro_movelist['LIGHT'].value_counts().plot(kind='bar')  
plt.ylabel('Count')  
plt.savefig(""test.png"")  
plt.show()  
"
"mmasenheimer/neural-networks-for-LHC",".py","import torch
import sys
import torch.nn as nn
import torch.optim as optim
from torch.utils.data import Dataset, DataLoader
import torchvision.transforms as transforms
from torchvision.datasets import ImageFolder
import _testimportmultiple
import timm

import matplotlib.pyplot as plt # For data visualization
import pandas as pd
import numpy as np

print('System version:', sys.version)
print(""PyTorch Version: "", torch.__version__)
#print(""Torchvision Version: "", torchvision.__version__)
print('Numpy Version: ', np.__version__)
print('Pandas Version: ', pd.__version__)


class InputDataset(Dataset):
    def __init__(self, data_dir, transform=None):
        self.data = ImageFolder(data_dir, transform=transform)

    def __len__(self):
        return len(self.data)

    def __getitem__(self, idx):
        return self.data[idx]
    
    @property
    def classes(self):
        return self.data.classes
    
dataset = InputDataset(data_dir='/kaggle/datasets/gpiosenka/cards-image-datasetclassification')
print(len(dataset))
print(dataset[0])

data_dir = ''
target_to_class = {v: k for k, v in ImageFolder(data_dir).class_to_idx.items()}
print(target_to_class)

transform = transforms.Compose([
    transforms.Resize((128, 128)),
    transforms.ToTensor(),
])

data_dir = ''
dataset = InputDataset(data_dir, transform)

# iterate over the dataset
for image, label in dataset:
    break

dataloader = DataLoader(dataset, batch_size=32, shuffle = True)

for images, labels in dataloader:
    break

class ImageClassifier(nn.Module):
    def __init__(self, num_classes=53):
        super(ImageClassifier, self).__init__()
        self.base_model = timm.create_model('efficientnet_b0', pretrained=True)
        self.features = nn.Sequential(*list(self.base_model.children())[:-1])

        enet_out_size = 1280
        self.classifier = nn.Linear(enet_out_size, num_classes)

    def forward(self, x):
        x = self.features(x)
        output = self.classifier(x)
        return output
    
model = ImageClassifier(num_classes=53)
"
"Prashanti-Sai-Satram27/Smart-Phishing-Detection","2.py","import pandas as pd
import numpy as np
from sklearn.model_selection import train_test_split
from sklearn.ensemble import RandomForestClassifier, GradientBoostingClassifier, IsolationForest, StackingClassifier, VotingClassifier
from sklearn.linear_model import LogisticRegression
from sklearn.metrics import classification_report, accuracy_score, roc_auc_score
from sklearn.preprocessing import StandardScaler
from imblearn.over_sampling import SMOTE
import lightgbm as lgb

# 1. Load and Clean Data
file_path = 'D:/Rahul/phishing_detection_extension/model/cleaned_dataset.csv'
dataset = pd.read_csv(file_path)
dataset.drop_duplicates(inplace=True)
dataset.fillna(dataset.median(), inplace=True)

# 2. Prepare Features and Target Variable
X = dataset.drop(columns=['index', 'Result'])
y = dataset['Result']
X = pd.get_dummies(X, drop_first=True)

# 3. Feature Scaling
scaler = StandardScaler()
X_scaled = scaler.fit_transform(X)

# 4. Split Data
X_train, X_test, y_train, y_test = train_test_split(X_scaled, y, test_size=0.2, random_state=42, stratify=y)

# 5. Handle Class Imbalance
smote = SMOTE(random_state=42)
X_resampled, y_resampled = smote.fit_resample(X_train, y_train)

# 6. Train Isolation Forest
iso_forest = IsolationForest(contamination='auto', random_state=42)
iso_forest.fit(X_resampled)
anomaly_scores_train = iso_forest.decision_function(X_resampled)
anomaly_scores_test = iso_forest.decision_function(X_test)

# Add anomaly scores as a new feature
X_resampled = np.hstack((X_resampled, anomaly_scores_train.reshape(-1, 1)))
X_test = np.hstack((X_test, anomaly_scores_test.reshape(-1, 1)))

# 7. Train Random Forest with the new feature
rf_model = RandomForestClassifier(n_estimators=200, class_weight='balanced', random_state=42)
rf_model.fit(X_resampled, y_resampled)
y_pred_rf = rf_model.predict(X_test)

# 8. Train Gradient Boosting Classifier
gb_model = GradientBoostingClassifier(n_estimators=100, random_state=42)
gb_model.fit(X_resampled, y_resampled)
y_pred_gb = gb_model.predict(X_test)

# 9. Train LightGBM Classifier
lgb_model = lgb.LGBMClassifier(n_estimators=100, random_state=42)
lgb_model.fit(X_resampled, y_resampled)
y_pred_lgb = lgb_model.predict(X_test)


# 11. Stacking Classifier with LightGBM
estimators = [
    ('rf', rf_model),
    ('gb', gb_model),
    ('lgb', lgb_model)
]

stacking_model = StackingClassifier(
    estimators=estimators,
    final_estimator=LogisticRegression(),
    cv=5
)

stacking_model.fit(X_resampled, y_resampled)
y_pred_stacking = stacking_model.predict(X_test)

# 12. Soft Voting Classifier
voting_clf_soft = VotingClassifier(
    estimators=[
        ('rf', rf_model),
        ('gb', gb_model),
        ('lgb', lgb_model)
    ],
    voting='soft'  # Soft voting takes average of predicted probabilities
)

# Fit Soft Voting Classifier
voting_clf_soft.fit(X_resampled, y_resampled)
y_pred_voting_soft = voting_clf_soft.predict(X_test)

 #13. Hard Voting Classifier
voting_clf_hard = VotingClassifier(
    estimators=[
        ('rf', rf_model),
        ('gb', gb_model),
        ('lgb', lgb_model)
    ],
    voting='hard'  # Hard voting uses majority vote from all models
)

# Fit Hard Voting Classifier
voting_clf_hard.fit(X_resampled, y_resampled)
y_pred_voting_hard = voting_clf_hard.predict(X_test)

# 14. Evaluate Models
print(""Random Forest Accuracy: {:.2f}%"".format(accuracy_score(y_test, y_pred_rf) * 100))
print(""\nRandom Forest Classification Report:\n"", classification_report(y_test, y_pred_rf))

print(""Gradient Boosting Accuracy: {:.2f}%"".format(accuracy_score(y_test, y_pred_gb) * 100))
print(""\nGradient Boosting Classification Report:\n"", classification_report(y_test, y_pred_gb))

print(""LightGBM Accuracy: {:.2f}%"".format(accuracy_score(y_test, y_pred_lgb) * 100))
print(""\nLightGBM Classification Report:\n"", classification_report(y_test, y_pred_lgb))

print(""Stacking Classifier Accuracy: {:.2f}%"".format(accuracy_score(y_test, y_pred_stacking) * 100))
print(""\nStacking Classifier Classification Report:\n"", classification_report(y_test, y_pred_stacking))

print(""Soft Voting Classifier Accuracy: {:.2f}%"".format(accuracy_score(y_test, y_pred_voting_soft) * 100))
print(""\nSoft Voting Classifier Classification Report:\n"", classification_report(y_test, y_pred_voting_soft))

print(""Hard Voting Classifier Accuracy: {:.2f}%"".format(accuracy_score(y_test, y_pred_voting_hard) * 100))
print(""\nHard Voting Classifier Classification Report:\n"", classification_report(y_test, y_pred_voting_hard))

# 15. ROC-AUC for Stacking and Voting Models
y_prob_stacking = stacking_model.predict_proba(X_test)[:, 1]
auc_stacking = roc_auc_score(y_test, y_prob_stacking)
print(f""Stacking Classifier ROC-AUC: {auc_stacking:.5f}"")

y_prob_voting_soft = voting_clf_soft.predict_proba(X_test)[:, 1]
auc_voting_soft = roc_auc_score(y_test, y_prob_voting_soft)
print(f""Soft Voting Classifier ROC-AUC: {auc_voting_soft:.5f}"")

import matplotlib.pyplot as plt
from sklearn.metrics import roc_curve, roc_auc_score

# # 1. Define function to plot individual ROC curve for each model
# def plot_individual_roc_curve(y_test, y_probs, model_name):
#     fpr, tpr, _ = roc_curve(y_test, y_probs)
#     plt.figure(figsize=(8, 6))
#     plt.plot(fpr, tpr, label=f'{model_name} (AUC: {roc_auc_score(y_test, y_probs):.5f})')
#     plt.plot([0, 1], [0, 1], 'k--')  # Diagonal line for random guess 
#     plt.xlim([0.0, 1.0])
#     plt.ylim([0.0, 1.05])
#     plt.title(f'ROC Curve for {model_name}')
#     plt.xlabel('False Positive Rate')
#     plt.ylabel('True Positive Rate')
#     plt.legend(loc='lower right')
#     plt.show()

# # 2. Plot Random Forest ROC Curve
# y_prob_rf = rf_model.predict_proba(X_test)[:, 1]
# plot_individual_roc_curve(y_test, y_prob_rf, ""Random Forest"")

# # 3. Plot Gradient Boosting ROC Curve
# y_prob_gb = gb_model.predict_proba(X_test)[:, 1]
# plot_individual_roc_curve(y_test, y_prob_gb, ""Gradient Boosting"")

# # 4. Plot LightGBM ROC Curve
# y_prob_lgb = lgb_model.predict_proba(X_test)[:, 1]
# plot_individual_roc_curve(y_test, y_prob_lgb, ""LightGBM"")

# # 5. Plot Stacking Classifier ROC Curve
# y_prob_stacking = stacking_model.predict_proba(X_test)[:, 1]
# plot_individual_roc_curve(y_test, y_prob_stacking, ""Stacking Classifier"")

# # 6. Plot Soft Voting Classifier ROC Curve
# y_prob_voting_soft = voting_clf_soft.predict_proba(X_test)[:, 1]
# plot_individual_roc_curve(y_test, y_prob_voting_soft, ""Soft Voting Classifier"")

# # 7. For Hard Voting, ROC isn't applicable as it doesn't output probabilities


num_features = dataset.shape[1]
num_features, dataset.columns.tolist() 
print(num_features)


import re
from urllib.parse import urlparse

def extract_url_features(url):
    features = {}

    # Feature extraction logic
    features[""having_IP_Address""] = -1 if re.match(r'\b\d{1,3}\.\d{1,3}\.\d{1,3}\.\d{1,3}\b', url) else 1
    features[""URL_Length""] = -1 if len(url) > 75 else (0 if len(url) > 54 else 1)
    features[""Shortening_Service""] = -1 if re.search(r'(bit\.ly|tinyurl\.com|goo\.gl)', url) else 1
    features[""having_At_Symbol""] = -1 if ""@"" in url else 1
    features[""double_slash_redirecting""] = -1 if url.rfind('//') > 7 else 1
    features[""Prefix_Suffix""] = -1 if ""-"" in urlparse(url).netloc else 1
    features[""having_Sub_Domain""] = -1 if url.count('.') > 2 else (0 if url.count('.') == 2 else 1)
    features[""SSLfinal_State""] = 0  # Placeholder, requires external validation
    features[""Domain_registeration_length""] = 0  # Placeholder, requires WHOIS lookup
    features[""Favicon""] = 1  # Placeholder, would require HTML parsing
    features[""port""] = -1 if re.search(r':[0-9]+', urlparse(url).netloc) else 1
    features[""HTTPS_token""] = -1 if ""https-"" in urlparse(url).netloc else 1
    features[""Request_URL""] = 0  # Placeholder, HTML parsing needed
    features[""URL_of_Anchor""] = 0  # Placeholder, HTML parsing needed
    features[""Links_in_tags""] = 0  # Placeholder, HTML parsing needed
    features[""SFH""] = 0  # Placeholder, HTML parsing needed
    features[""Submitting_to_email""] = -1 if re.search(r""mailto:"", url) else 1
    features[""Abnormal_URL""] = 0  # Placeholder, requires domain-owner mapping
    features[""Redirect""] = -1 if url.count('//') > 3 else 1
    features[""on_mouseover""] = 1  # Placeholder, HTML behavior needed
    features[""RightClick""] = 1  # Placeholder, HTML behavior needed
    features[""popUpWidnow""] = 1  # Placeholder, HTML behavior needed
    features[""Iframe""] = 1  # Placeholder, HTML parsing needed
    features[""age_of_domain""] = 0  # Placeholder, requires WHOIS lookup
    features[""DNSRecord""] = 0  # Placeholder, requires DNS lookup
    features[""web_traffic""] = 0  # Placeholder, requires web traffic API
    features[""Page_Rank""] = 0  # Placeholder, requires page rank API
    features[""Google_Index""] = 1  # Placeholder, requires Google search API
    features[""Links_pointing_to_page""] = 0  # Placeholder, requires link parsing
    features[""Statistical_report""] = 0  # Placeholder, requires statistical analysis
    
    return features


import ssl
import socket

def check_ssl(url):
    try:
        parsed_url = urlparse(url)
        hostname = parsed_url.netloc.split(':')[0]
        context = ssl.create_default_context()
        with socket.create_connection((hostname, 443), timeout=5) as sock:
            with context.wrap_socket(sock, server_hostname=hostname) as ssock:
                certificate = ssock.getpeercert()
                # If SSL is valid, return 1; else -1
                return 1 if certificate else -1
    except Exception:
        return -1


import whois

def domain_registration_length(url):
    try:
        domain = whois.whois(urlparse(url).netloc)
        creation_date = domain.creation_date
        expiration_date = domain.expiration_date
        if isinstance(creation_date, list):
            creation_date = creation_date[0]
        if isinstance(expiration_date, list):
            expiration_date = expiration_date[0]
        # Calculate domain age in years
        age = (expiration_date - creation_date).days / 365 if creation_date and expiration_date else 0
        return 1 if age > 1 else -1
    except Exception:
        return -1


import requests

def get_web_traffic(url):
    try:
        # Replace with actual traffic API endpoint
        response = requests.get(f""https://api.alexa.com/{url}"")
        traffic_data = response.json()
        rank = traffic_data.get('rank', -1)
        return 1 if rank and rank < 100000 else -1
    except Exception:
        return -1


# from googlesearch import search

# def is_google_indexed(url):
#     try:
#         results = list(search(url, num_results=1))
#         return 1 if results else -1
#     except Exception:
#         return -1
"
"matveygovorukhin/govorukhin","8-graphics.py","from matplotlib import pyplot
import numpy
from textwrap import wrap
import matplotlib.ticker as ticker

with open('settings.txt') as file:
    settings=[float(i) for i in file.read().split('\n')]
#считываем показания компаратора и переводим через шаг квантования в вольиты
data=numpy.loadtxt('data.txt', dtype=int) * settings[1]
#массив времен, создаваемый черед количество измерений и известный шаг по времени
data_time=numpy.array([i*settings[0] for i in range(data.size)])
#параметры фигуры
fig, ax=pyplot.subplots(figsize=(16, 10), dpi=500)

#минимальные и максимальные значения для осей
ax.axis([data.min(), data_time.max()+1, data.min(), data.max()+0.2])

#  Устанавливаем интервал основных делений:
ax.xaxis.set_major_locator(ticker.MultipleLocator(2))
#  Устанавливаем интервал вспомогательных делений:
ax.xaxis.set_minor_locator(ticker.MultipleLocator(0.5))

#  Тоже самое проделываем с делениями на оси ""y"":
ax.yaxis.set_major_locator(ticker.MultipleLocator(0.5))
ax.yaxis.set_minor_locator(ticker.MultipleLocator(0.1))

#название графика с условием для переноса строки и центрированием
ax.set_title(""\n"".join(wrap('процесс заряда и разряда конденсатора в RC цепи', 60)), loc = 'center')

#сетка основная и второстепенная
ax.grid(which='major', color = 'k')
ax.minorticks_on()
ax.grid(which='minor', color = 'gray', linestyle = ':')

#подпись осей
ax.set_ylabel(""напряжение, В"")
ax.set_xlabel(""время, с"")

#линия с легендой
ax.plot(data_time, data, c='black', linewidth=1, label = 'V(t)')
ax.scatter(data_time[0:data.size:20], data[0:data.size:20], marker = 's', c = 'blue', s=10)

ax.legend(shadow = False, loc = 'right', fontsize = 30)

#сохранение
fig.savefig('graph.png')
fig.savefig('graph.svg')
"
"kaushal-shivaprakashan/VTU-LAB-AI-ML","9.py","import pandas as pd
from statsmodels.nonparametric.smoothers_lowess import lowess
import matplotlib.pyplot as plt

# Read the CSV file into a pandas DataFrame
df = pd.read_csv('100.csv')

# Select the columns to use for the LOWESS plot
x =df['total_bill']
y = df['tip']
# Use the lowess function to compute the LOWESS fit
smooth = lowess(y, x,frac=0.05)

# Extract the x and y coordinates for the LOWESS line
smooth_x = smooth[:, 0]
smooth_y = smooth[:, 1]

# Plot the original data and the LOWESS line
plt.scatter(x, y,color='green')
plt.plot(smooth_x, smooth_y,color = 'red', linewidth=3)
plt.show()
"
"sannihith24/Data-analytics","4.py","import numpy as np
import matplotlib.pyplot as plt
from sklearn.linear_model import LogisticRegression

# Step 1: Example data (Hours Studied vs Passed)
hours_studied = np.array([1, 2, 3, 4, 5, 6, 7, 8, 9, 10]).reshape(-1, 1)
passed_exam = np.array([0, 0, 0, 0, 0, 1, 1, 1, 1, 1])  # 0 = Fail, 1 = Pass

# Step 2: Fit logistic regression model
model = LogisticRegression()
model.fit(hours_studied, passed_exam)

# Step 3: Generate prediction line
x_test = np.linspace(0, 11, 100).reshape(-1, 1)
y_prob = model.predict_proba(x_test)[:, 1]  # Probability of passing

# Step 4: Plotting
plt.figure(figsize=(8, 5))
plt.scatter(hours_studied, passed_exam, color='red', label='Actual Data')
plt.plot(x_test, y_prob, color='blue', label='Logistic Regression Curve')
plt.axhline(0.5, color='gray', linestyle='--', label='Decision Threshold (0.5)')
plt.xlabel(""Hours Studied"")
plt.ylabel(""Probability of Passing"")
plt.title(""Logistic Regression: Hours Studied vs Passed"")
plt.legend()
plt.grid(True)
plt.show()
"
"kvb-ent/market-edge-ai","market_edge_ai_dashboard.py","# Market Edge AI: Streamlit App (Stocks + Crypto + GPT-Style Trade Ideas)

import streamlit as st
import requests
import matplotlib.pyplot as plt
from datetime import datetime, timedelta
import pandas as pd

# --- Page Config ---
st.set_page_config(page_title=""Market Edge AI"", layout=""wide"")
st.title(""📊 Market Edge AI Dashboard"")

# --- Constants ---
POLYGON_API_KEY = ""P4f_PZiyHRfBw_xx3VSBpx30mG29Qu4r""
DEFAULT_TICKERS = [""SPY"", ""QQQ"", ""TSLA"", ""AAPL"", ""NVDA""]
DEFAULT_COINS = [""bitcoin"", ""ethereum"", ""solana"", ""ripple"", ""chainlink""]

# --- User Input ---
st.sidebar.header(""🔧 Settings"")
custom_stock = st.sidebar.text_input(""Add a Stock Ticker"", value="""")
custom_crypto = st.sidebar.text_input(""Add a Crypto Symbol (e.g. dogecoin)"", value="""")
run_scan = st.sidebar.button(""Run Scan"")

# --- Stock Data from Polygon ---
def get_stock_data(ticker):
    url = f""https://api.polygon.io/v2/aggs/ticker/{ticker}/range/1/day/{(datetime.now() - timedelta(days=30)).date()}/{datetime.now().date()}?adjusted=true&sort=asc&limit=30&apiKey={POLYGON_API_KEY}""
    r = requests.get(url)
    if r.status_code == 200:
        results = r.json().get(""results"", [])
        df = pd.DataFrame(results)
        df[""t""] = pd.to_datetime(df[""t""], unit='ms')
        return df
    else:
        return pd.DataFrame()

# --- Crypto Data from CoinGecko ---
def get_crypto_data():
    ids = ','.join(DEFAULT_COINS + ([custom_crypto] if custom_crypto else []))
    url = f""https://api.coingecko.com/api/v3/simple/price?ids={ids}&vs_currencies=usd&include_24hr_change=true""
    r = requests.get(url)
    return r.json()

# --- GPT Trade Idea Logic (Simplified) ---
def generate_trade_idea(change):
    if change < -3:
        return ""BUY: Oversold dip. Strong potential for rebound. Target +8%""
    elif change > 3:
        return ""WAIT: Already pumped. Watch for cooldown.""
    else:
        return ""HOLD: Stable range. No clear setup yet.""

# --- Display Stock Charts ---
if run_scan:
    st.subheader(""📈 Stock Trade Ideas"")
    tickers = DEFAULT_TICKERS + ([custom_stock.upper()] if custom_stock else [])
    for ticker in tickers:
        df = get_stock_data(ticker)
        if not df.empty:
            st.markdown(f""**{ticker}**"")
            st.line_chart(df.set_index(""t"")[""c""], height=200)
            recent_change = ((df[""c""].iloc[-1] - df[""o""].iloc[-1]) / df[""o""].iloc[-1]) * 100
            st.caption(f""Change Today: {recent_change:.2f}%"")
            st.success(generate_trade_idea(recent_change))
        else:
            st.warning(f""No data found for {ticker}"")

    st.subheader(""₿ Crypto Trade Ideas"")
    data = get_crypto_data()
    for coin in DEFAULT_COINS + ([custom_crypto] if custom_crypto else []):
        if coin in data:
            price = data[coin][""usd""]
            change = data[coin][""usd_24h_change""]
            st.markdown(f""**{coin.capitalize()}**: ${price:.2f} ({change:+.2f}% 24h)"")
            st.success(generate_trade_idea(change))
        else:
            st.warning(f""No data found for {coin}"")
"
"bharath-k1000/2-D-trajectory-following-RR-Robotic-arm-using-python","launch file(click to launch simulation).py","import matplotlib.pyplot as plt
import matplotlib.animation as anime
import math
import time
import time
import moviepy.editor as mp

from PIL import Image
import glob
import webbrowser;
s1 = 180
s2 = 0
t1 = 60
ct = 1
filename = ''
x1 = 100*(math.cos(math.radians(t1))) + 200
y1 = 100*(math.sin(math.radians(t1))) + 200
x = 200*(math.cos(math.radians(t1))) + 200
y = 0 + 200
x2 = 100 * (math.cos(math.radians(s1))) + 200
y2 = 50 * (math.sin(math.radians(s1))) + 200
plt.xlim(0, 400)
plt.ylim(0, 400)
plt.plot([200, x1], [200, y1])
plt.plot([x1, x], [y1, y])
print('Simulation is being generated, please wait a few seconds.....')

while t1 < 121:
    plt.xlim(0, 400)
    plt.ylim(0, 400)
    x1 = 100 * (math.cos(math.radians(t1))) + 200
    y1 = 100 * (math.sin(math.radians(t1))) + 200
    x = 200 * (math.cos(math.radians(t1))) + 200
    y = 0 + 200
    t1 = t1+6
    filename = 'file' + str(ct) + '.png'
    ct = ct + 1
    plt.plot([200, x1], [200, y1])
    plt.plot([x1, x], [y1, y])
    plt.savefig(filename)
    plt.clf()
    ct = ct + 1
    filename = 'file' + str(ct) + '.png'
    plt.savefig(filename)


while s1 > 0:
    plt.xlim(0, 400)
    plt.ylim(0, 400)
    x1 = 100 * (math.cos(math.radians(t1))) + 200
    y1 = 100 * (math.sin(math.radians(t1))) + 200
    x2 = 100 * (math.cos(math.radians(s1))) + 200
    y2 = 50 * (math.sin(math.radians(s1))) + 200
    t1 = t1-4.5
    s1 = s1-4.5
    filename = 'file' + str(ct) + '.png'
    ct = ct + 1
    plt.plot([200, x1], [200, y1])
    plt.plot([x1, x2], [y1, y2])
    plt.savefig(filename)
    plt.clf()
    ct = ct + 1
    filename = 'file' + str(ct) + '.png'
    plt.savefig(filename)

while t1 > -121:
    plt.xlim(0, 400)
    plt.ylim(0, 400)
    x1 = 100 * (math.cos(math.radians(t1))) + 200
    y1 = 100 * (math.sin(math.radians(t1))) + 200
    x = 200 * (math.cos(math.radians(t1))) + 200
    y = 0 + 200
    t1 = t1-6
    filename = 'file' + str(ct) + '.png'
    ct = ct + 1
    plt.plot([200, x1], [200, y1])
    plt.plot([x1, x], [y1, y])
    plt.savefig(filename)
    plt.clf()
    ct = ct + 1
    filename = 'file' + str(ct) + '.png'
    plt.savefig(filename)

s1 = 180

while s1 > 0:
    plt.xlim(0, 400)
    plt.ylim(0, 400)
    x1 = 100 * (math.cos(math.radians(t1))) + 200
    y1 = 100 * (math.sin(math.radians(t1))) + 200
    x2 = 100 * (math.cos(math.radians(s1))) + 200
    y2 = 50 * (math.sin(math.radians(s1))) + 200
    t1 = t1-4.5
    s1 = s1-4.5
    filename = 'file' + str(ct) + '.png'
    ct = ct + 1
    plt.plot([200, x1], [200, y1])
    plt.plot([x1, x2], [y1, y2])
    plt.savefig(filename)
    plt.clf()
    ct = ct + 1
    filename = 'file' + str(ct) + '.png'
    plt.savefig(filename)


# Create the frames
frames = []
imgs = glob.glob(""*.png"")
filename = 'file'
ct = 1
for i in imgs:
    new_frame = Image.open(filename + str(ct) + '.png')
    ct = ct + 2
    frames.append(new_frame)


# Save into a GIF file that loops forever
frames[0].save('Simulation.gif', format='GIF',
               append_images=frames[1:],
               save_all=True,
               duration=5, loop=0)

clip = mp.VideoFileClip(""Simulation.gif"")
clip.write_videofile(""Simulation.mp4"")
webbrowser.open('Simulation.mp4')"
"Azhuan-zhou/CQU_Visualization","1.py","import matplotlib.pyplot as plt
import pandas as pd
import numpy as np

def read_and_process_data(file_name, columns):
    """"""
    读取CSV文件并处理数据。
    """"""
    try:
        data = pd.read_csv(file_name, header=1)
        return data[columns].astype(float).values
    except Exception as e:
        print(f""Error reading or processing data: {e}"")
        return None

def plot_aq_dot(x, y, color, group, ax=None, fig=None):
    """"""
    绘制数据点。
    """"""
    if ax is None:
        fig, ax = plt.subplots(1, 1, figsize=(8, 6))
    ax.plot(x, y, 'o', color=color, label=group)
    plt.legend()
    ax.set_xlabel('x')
    ax.set_ylabel('y')
    ax.set_title(""Anscombe's quartet"")
    return ax, fig

def plot_aq_line(x, w, ax, fig):
    """"""
    绘制拟合直线。
    """"""
    x_min = x[:, 0].min()
    x_max = x[:, 0].max()
    x_ = np.linspace(x_min, x_max, 20).reshape(-1, 1)
    x_ = np.concatenate([x_, np.ones((len(x_), 1))], axis=1)
    ax.plot(x_, x_ @ w, '-', color='#BEB8DC', linewidth=3)
    plt.xlim([x_min-0.5, x_max+0.5])
    plt.savefig('./1_picture/{}.png'.format(group))

def LSM(X, Y):
    """"""
    最小二乘法。
    """"""
    try:
        return np.linalg.inv(X.T @ X) @ X.T @ Y
    except np.linalg.LinAlgError as e:
        print(f""Error in linear algebra operation: {e}"")
        return None

# 统计数据
def statistical(aq_):
    mean = aq_.mean()
    std = aq_.std()
    corr = np.corrcoef(aq_[:, 0], aq_[:, 1])
    print(""mean: "", mean, ""std: "", std, ""corr: "", corr)
# 读取数据
aq1 = read_and_process_data('1-data.csv', ['x1', 'y1'])
statistical(aq1)
aq2 = read_and_process_data('1-data.csv', ['x2', 'y2'])
statistical(aq2)
aq3 = read_and_process_data('1-data.csv', ['x3', 'y3'])
statistical(aq3)
aq4 = read_and_process_data('1-data.csv', ['x4', 'y4'])
statistical(aq4)

# 绘制数据点和拟合线
colors = ['#8ECFC9', '#FFBE7A', '#FA7F6F', '#82B0D2']
groups = ['1', '2', '3', '4']
flag = True
for i, (aq, color, group) in enumerate(zip([aq1, aq2, aq3, aq4], colors, groups)):
    ax, fig = plot_aq_dot(aq[:, 0], aq[:, 1], color, group)
    a = np.ones_like(aq[:, 0], dtype=float).reshape(-1, 1)
    x = np.concatenate([aq[:, 0].reshape(-1, 1), a], axis=1)
    y = aq[:, 1].reshape(-1, 1)
    w = LSM(x, y)
    print(w)
    if flag:
        if w is not None:
            plot_aq_line(x, w, ax, fig)
        else:
            print(f""Failed to plot line for group {group}"")
    else:
        plt.savefig('./1_picture/{}.png'.format(group))

"
"PawelHarasiuk/PSM-PJATK","Prog7/main.py","import matplotlib.pyplot as plt
import numpy as np
from scipy.sparse import lil_matrix
from scipy.sparse.linalg import spsolve


def gen_temp(n):
    A = lil_matrix((n ** 2, n ** 2))
    b = np.zeros(n ** 2)
    for i in range(n):
        for j in range(n):
            index = i * n + j
            A[index, index] = -4
            if i > 0:
                A[index, index - n] = 1
            if i < n - 1:
                A[index, index + n] = 1
            if j > 0:
                A[index, index - 1] = 1
            if j < n - 1:
                A[index, index + 1] = 1
            if i == 0:
                b[index] -= 150
            if i == n - 1:
                b[index] -= 100
            if j == 0:
                b[index] -= 200
            if j == n - 1:
                b[index] -= 50
    return A.tocsc(), b


n = 41
A, b = gen_temp(n)
T = spsolve(A, b).reshape((n, n))
plt.imshow(T, cmap='hot', origin='lower', vmin=50, vmax=200)
plt.colorbar()
plt.show()
"
"AquaShower/MyProject","q.py","import os
import numpy as np
import pandas as pd
from PIL import Image
from tqdm import tqdm
import matplotlib.pyplot as plt
from sklearn.decomposition import PCA
from sklearn.cluster import KMeans
from sklearn.mixture import GaussianMixture
from sklearn.metrics import silhouette_score
from sklearn.preprocessing import StandardScaler
from skimage.metrics import peak_signal_noise_ratio, structural_similarity
import torch
import torch.nn as nn
import torch.optim as optim
import torch.nn.functional as F
from torch.utils.data import Dataset, DataLoader
from torch.amp import autocast, GradScaler

# ========== 配置 =============
TRAIN_NUM = 20000
TEST_NUM = 10000
IMG_SIZE = 28
BATCH_SIZE = 32
EPOCHS = 50
DEVICE = torch.device('cuda' if torch.cuda.is_available() else 'cpu')
CLUSTER_VIS_PATH = 'cluster_vis.png'

if torch.cuda.is_available():
    AMP_ENABLED = True
else:
    from contextlib import nullcontext
    autocast = nullcontext
    GradScaler = None
    AMP_ENABLED = False

# ========== 特征提取 =============
def extract_features(img_arr):
    feats = []
    feats.append(np.mean(img_arr))
    feats.append(np.var(img_arr))
    hist, _ = np.histogram(img_arr, bins=32, range=(0, 255))
    feats.extend(hist.tolist())
    fft = np.fft.fft2(img_arr)
    fft_shift = np.fft.fftshift(fft)
    mag = np.abs(fft_shift)
    center = mag[IMG_SIZE//4:3*IMG_SIZE//4, IMG_SIZE//4:3*IMG_SIZE//4]
    low_freq = np.mean(center)
    high_freq = np.mean(mag) - low_freq
    feats.append(low_freq)
    feats.append(high_freq)
    return np.array(feats)

def get_pca_features(feature_matrix, n_components=8):
    scaler = StandardScaler()
    X_scaled = scaler.fit_transform(feature_matrix)
    pca = PCA(n_components=n_components)
    X_pca = pca.fit_transform(X_scaled)
    return X_pca

# ========== 聚类 =============
def cluster_images(features, method='kmeans', max_clusters=6):
    best_score = -1
    best_labels = None
    best_n = 2
    for n in range(2, max_clusters+1):
        try:
            if method == 'kmeans':
                model = KMeans(n_clusters=n, random_state=42)
                labels = model.fit_predict(features)
            else:
                model = GaussianMixture(n_components=n, random_state=42)
                labels = model.fit_predict(features)
            score = silhouette_score(features, labels)
            if score > best_score:
                best_score = score
                best_labels = labels
                best_n = n
        except Exception as e:
            print(f'聚类数 {n} 时聚类失败: {e}')
            continue
    if best_labels is None:
        raise RuntimeError('聚类失败，无法获得有效的 labels。')
    print(f'最佳聚类数: {best_n}, 轮廓系数: {best_score:.4f}')
    return best_labels, best_n

def visualize_clusters(features, labels, save_path=CLUSTER_VIS_PATH):
    pca = PCA(n_components=2)
    X_vis = pca.fit_transform(features)
    plt.figure(figsize=(8,6))
    for l in np.unique(labels):
        plt.scatter(X_vis[labels==l,0], X_vis[labels==l,1], label=f'Cluster {l}')
    plt.legend()
    plt.title('Image Clusters Visualization (PCA)')
    plt.savefig(save_path)
    plt.close()

# ========== PyTorch Dataset =============
class StegDataset(Dataset):
    def __init__(self, carrier_imgs, secret_img, labels=None):
        self.carrier_imgs = carrier_imgs
        self.secret_img = secret_img
        self.labels = labels
    def __len__(self):
        return len(self.carrier_imgs)
    def __getitem__(self, idx):
        carrier = self.carrier_imgs[idx]
        secret = self.secret_img
        if self.labels is not None:
            return torch.FloatTensor(carrier), torch.FloatTensor(secret), torch.tensor(self.labels[idx], dtype=torch.long)
        else:
            return torch.FloatTensor(carrier), torch.FloatTensor(secret)

# ========== Encoder/Decoder 架构 =============
class ResidualBlock(nn.Module):
    def __init__(self, channels):
        super().__init__()
        self.conv1 = nn.Conv2d(channels, channels, 3, padding=1)
        self.bn1 = nn.BatchNorm2d(channels)
        self.conv2 = nn.Conv2d(channels, channels, 3, padding=1)
        self.bn2 = nn.BatchNorm2d(channels)
    def forward(self, x):
        out = F.relu(self.bn1(self.conv1(x)))
        out = self.bn2(self.conv2(out))
        return F.relu(out + x)

class AttentionBlock(nn.Module):
    def __init__(self, channels):
        super().__init__()
        self.conv = nn.Conv2d(channels, channels, 1)
        self.sigmoid = nn.Sigmoid()
    def forward(self, x):
        attn = self.sigmoid(self.conv(x))
        return x * attn

class Encoder(nn.Module):
    def __init__(self, in_channels=4, out_channels=3, base_channels=128, num_res=8, num_attn=0, downsample=True):
        super().__init__()
        layers = [nn.Conv2d(in_channels, base_channels, 3, padding=1), nn.ReLU()]
        for _ in range(num_res):
            layers.append(ResidualBlock(base_channels))
        for _ in range(num_attn):
            layers.append(AttentionBlock(base_channels))
        if downsample:
            layers.append(nn.Conv2d(base_channels, base_channels, 3, stride=2, padding=1))
            layers.append(nn.ReLU())
            layers.append(nn.ConvTranspose2d(base_channels, base_channels, 3, stride=2, padding=1, output_padding=1))
            layers.append(nn.ReLU())
        layers.append(nn.Conv2d(base_channels, out_channels, 3, padding=1))
        self.net = nn.Sequential(*layers)
    def forward(self, carrier, secret):
        x = torch.cat([carrier, secret], dim=1)
        return self.net(x)

class Decoder(nn.Module):
    def __init__(self, in_channels=3, out_channels=1, base_channels=128, num_res=8, num_attn=0, downsample=True):
        super().__init__()
        layers = [nn.Conv2d(in_channels, base_channels, 3, padding=1), nn.ReLU()]
        for _ in range(num_res):
            layers.append(ResidualBlock(base_channels))
        for _ in range(num_attn):
            layers.append(AttentionBlock(base_channels))
        if downsample:
            layers.append(nn.Conv2d(base_channels, base_channels, 3, stride=2, padding=1))
            layers.append(nn.ReLU())
            layers.append(nn.ConvTranspose2d(base_channels, base_channels, 3, stride=2, padding=1, output_padding=1))
            layers.append(nn.ReLU())
        layers.append(nn.Conv2d(base_channels, out_channels, 3, padding=1))
        self.net = nn.Sequential(*layers)
    def forward(self, x):
        return torch.sigmoid(self.net(x))

# ========== 分类器 =============
class ClusterClassifier(nn.Module):
    def __init__(self, num_classes, base_channels=128):
        super().__init__()
        self.conv = nn.Sequential(
            nn.Conv2d(3, base_channels, 3, padding=1), nn.ReLU(),
            nn.Conv2d(base_channels, base_channels, 3, padding=1), nn.ReLU(),
            nn.AdaptiveAvgPool2d(1)
        )
        self.fc = nn.Linear(base_channels, num_classes)
    def forward(self, x):
        feat = self.conv(x).view(x.size(0), -1)
        return self.fc(feat)

# ========== 训练与评测 =============
def psnr_ssim(img1, img2):
    img1 = img1.astype(np.uint8)
    img2 = img2.astype(np.uint8)
    
    psnr = peak_signal_noise_ratio(img1, img2, data_range=255)
    
    # 确保 win_size 不超过图像的最小边长
    min_size = min(img1.shape[:2])
    
    # 如果图像太小，直接返回默认值
    if min_size < 3:
        return psnr, 0.0
    
    win_size = min(7, min_size if min_size % 2 == 1 else min_size - 1)
    if win_size < 3:
        win_size = 3
    
    try:
        # 检查是否为多通道图像
        if len(img1.shape) == 3 and img1.shape[2] in [1, 3]:
            # 多通道图像，指定 channel_axis
            ssim = structural_similarity(img1, img2, data_range=255, win_size=win_size, channel_axis=2)
        else:
            # 单通道图像
            ssim = structural_similarity(img1, img2, data_range=255, win_size=win_size)
    except Exception:
        # 静默处理异常，不输出调试信息
        ssim = 0.0
    
    return psnr, ssim

# 尝试引入 pytorch-ssim，如果没有则只用 MSE
try:
    import pytorch_ssim
    SSIM_AVAILABLE = True
    def ssim_loss(x, y):
        return 1 - pytorch_ssim.ssim(x, y)
except ImportError:
    SSIM_AVAILABLE = False
    def ssim_loss(x, y):
        return 0.0

def train_encoder_decoder(encoder, decoder, dataloader, epochs=EPOCHS, desc=""""):
    encoder, decoder = encoder.to(DEVICE), decoder.to(DEVICE)
    opt = optim.Adam(list(encoder.parameters()) + list(decoder.parameters()), lr=1e-4)
    scheduler = optim.lr_scheduler.ReduceLROnPlateau(opt, mode='min', factor=0.5, patience=5)
    mse_loss = nn.MSELoss()
    scaler = GradScaler() if AMP_ENABLED else None  # 只在AMP_ENABLED时初始化

    best_loss = float('inf')
    patience_counter = 0
    patience = 10

    for epoch in tqdm(range(epochs), desc=desc):
        encoder.train()
        decoder.train()
        epoch_loss = 0.0
        batch_count = 0

        batch_iter = tqdm(dataloader, desc=f""Epoch {epoch+1}/{epochs}"", leave=False)
        for carrier, secret in batch_iter:
            carrier = carrier.unsqueeze(1).to(DEVICE) / 255.0
            secret = secret.unsqueeze(1).to(DEVICE) / 255.0
            carrier_rgb = carrier.repeat(1,3,1,1)
            secret_gray = secret

            if AMP_ENABLED:
                with autocast('cuda'):
                    stego = encoder(carrier_rgb, secret_gray)
                    decoded = decoder(stego)
                    # 添加载体图片保持损失
                    carrier_loss = mse_loss(stego, carrier_rgb)
                    if SSIM_AVAILABLE:
                        secret_loss = 0.3 * mse_loss(decoded, secret_gray) + 0.7 * ssim_loss(decoded, secret_gray)
                    else:
                        secret_loss = mse_loss(decoded, secret_gray)
                    # 平衡载体图片保持和秘密图片恢复
                    loss = 0.4 * carrier_loss + 0.6 * secret_loss
                opt.zero_grad()
                scaler.scale(loss).backward()
                scaler.step(opt)
                scaler.update()
            else:
                stego = encoder(carrier_rgb, secret_gray)
                decoded = decoder(stego)
                # 添加载体图片保持损失
                carrier_loss = mse_loss(stego, carrier_rgb)
                if SSIM_AVAILABLE:
                    secret_loss = 0.3 * mse_loss(decoded, secret_gray) + 0.7 * ssim_loss(decoded, secret_gray)
                else:
                    secret_loss = mse_loss(decoded, secret_gray)
                # 平衡载体图片保持和秘密图片恢复
                loss = 0.4 * carrier_loss + 0.6 * secret_loss
                opt.zero_grad()
                loss.backward()
                opt.step()

            epoch_loss += loss.item()
            batch_count += 1
            batch_iter.set_postfix(loss=loss.item())

        avg_loss = epoch_loss / batch_count
        scheduler.step(avg_loss)

        if avg_loss < best_loss:
            best_loss = avg_loss
            patience_counter = 0
        else:
            patience_counter += 1

        if patience_counter >= patience:
            print(f""Early stopping at epoch {epoch+1}"")
            break

    return encoder, decoder

def train_classifier(classifier, dataloader, epochs=EPOCHS):
    classifier = classifier.to(DEVICE)
    opt = optim.Adam(classifier.parameters(), lr=1e-4)
    loss_fn = nn.CrossEntropyLoss()
    
    for epoch in tqdm(range(epochs), desc=""训练分类器""):
        classifier.train()
        epoch_loss = 0.0
        batch_count = 0
        
        batch_iter = tqdm(dataloader, desc=f""Epoch {epoch+1}/{epochs}"", leave=False)
        for carrier, secret, label in batch_iter:
            carrier = carrier.unsqueeze(1).to(DEVICE) / 255.0
            carrier_rgb = carrier.repeat(1,3,1,1)
            label = label.to(DEVICE)
            out = classifier(carrier_rgb)
            loss = loss_fn(out, label)
            opt.zero_grad()
            loss.backward()
            opt.step()
            
            epoch_loss += loss.item()
            batch_count += 1
            batch_iter.set_postfix(loss=loss.item())
        
        avg_loss = epoch_loss / batch_count
        print(f""分类器 Epoch {epoch+1}/{epochs}, 平均Loss: {avg_loss:.4f}"")
    
    return classifier

# ========== 主流程 =============
def main():
    # 1. 读取数据
    train_csv = 'train_data.csv'
    test_csv = 'test_data.csv'
    secret_path = 'secret.png'
    out_dir = 'output'
    os.makedirs(out_dir, exist_ok=True)
    train_data = pd.read_csv(train_csv, header=None).values[:TRAIN_NUM]
    test_data = pd.read_csv(test_csv, header=None).values[:TEST_NUM]
    # 2. 预处理秘密图片
    secret_img = Image.open(secret_path).convert('L').resize((IMG_SIZE, IMG_SIZE), Image.Resampling.LANCZOS)
    secret_arr = np.array(secret_img)
    # 3. 提取特征并聚类
    print('提取特征并聚类...')
    all_imgs = np.concatenate([train_data, test_data], axis=0)
    carriers = []
    features = []
    for row in tqdm(all_imgs, desc='提取特征'):
        if row.size == 785:
            img = row[1:].reshape(IMG_SIZE, IMG_SIZE).astype(np.uint8)
        else:
            img = row.reshape(IMG_SIZE, IMG_SIZE).astype(np.uint8)
        carriers.append(img)
        features.append(extract_features(img))
    features = np.array(features)
    # PCA降维
    pca_feats = get_pca_features(features, n_components=8)
    feats_for_cluster = np.concatenate([features, pca_feats], axis=1)
    # 聚类
    labels, n_clusters = cluster_images(feats_for_cluster, method='kmeans', max_clusters=6)
    visualize_clusters(feats_for_cluster, labels, save_path=CLUSTER_VIS_PATH)
    print(f'聚类可视化已保存到 {CLUSTER_VIS_PATH}')
    # 4. 按类别分配Encoder/Decoder参数
    cluster_params = []
    for c in range(n_clusters):
        # 高频类别: num_res=8, num_attn=0, downsample=True
        # 低频类别: num_res=4, num_attn=6, downsample=False
        # 其余: num_res=6, num_attn=3, downsample=True
        idxs = np.where(labels == c)[0]
        mean_high = np.mean(features[idxs, -2])  # high_freq
        mean_low = np.mean(features[idxs, -1])   # low_freq
        if mean_high > mean_low:
            cluster_params.append({'num_res':8, 'num_attn':0, 'downsample':True})
        elif mean_low > mean_high:
            cluster_params.append({'num_res':4, 'num_attn':6, 'downsample':False})
        else:
            cluster_params.append({'num_res':6, 'num_attn':3, 'downsample':True})
    # 5. 训练每类Encoder/Decoder
    print('训练各类Encoder/Decoder...')
    encoders, decoders = [], []
    for c in tqdm(range(n_clusters), desc=""类别训练进度""):
        idxs = np.where(labels[:TRAIN_NUM] == c)[0]
        carrier_imgs = [carriers[i] for i in idxs]
        secret_imgs = [secret_arr for _ in idxs]
        dataset = StegDataset(carrier_imgs, secret_arr)
        dataloader = DataLoader(dataset, batch_size=BATCH_SIZE, shuffle=True, num_workers=4, pin_memory=True)
        encoder = Encoder(in_channels=4, out_channels=3, base_channels=128, **cluster_params[c])
        decoder = Decoder(in_channels=3, out_channels=1, base_channels=128, **cluster_params[c])
        encoder, decoder = train_encoder_decoder(encoder, decoder, dataloader, desc=f""类别{c}"")
        encoders.append(encoder)
        decoders.append(decoder)
    # 6. 训练分类器
    print('训练分类器...')
    train_labels = labels[:TRAIN_NUM]
    train_carriers = [carriers[i] for i in range(TRAIN_NUM)]
    dataset = StegDataset(train_carriers, secret_arr, train_labels)
    dataloader = DataLoader(dataset, batch_size=BATCH_SIZE, shuffle=True, num_workers=4, pin_memory=True)
    classifier = ClusterClassifier(num_classes=n_clusters, base_channels=128)
    classifier = train_classifier(classifier, dataloader)
    # 7. 性能评测
    print('评测性能...')
    test_labels = labels[TRAIN_NUM:TRAIN_NUM+TEST_NUM]
    test_carriers = [carriers[i] for i in range(TRAIN_NUM, TRAIN_NUM+TEST_NUM)]
    ssim_cover, psnr_cover = [], []
    ssim_secret, psnr_secret = [], []
    ssim_original_vs_stego, psnr_original_vs_stego = [], []  # 新增：原始载体vs隐写载体
    
    for i, (img, label) in enumerate(zip(test_carriers, test_labels)):
        carrier = torch.FloatTensor(img).unsqueeze(0).unsqueeze(0).to(DEVICE) / 255.0
        carrier_rgb = carrier.repeat(1,3,1,1)
        secret = torch.FloatTensor(secret_arr).unsqueeze(0).unsqueeze(0).to(DEVICE) / 255.0
        encoder = encoders[label].to(DEVICE)
        decoder = decoders[label].to(DEVICE)
        with torch.no_grad():
            stego = encoder(carrier_rgb, secret)
            decoded = decoder(stego)
        stego_img = (stego.squeeze().cpu().numpy().transpose(1,2,0)*255).clip(0,255).astype(np.uint8)
        orig_img = (carrier_rgb.squeeze().cpu().numpy().transpose(1,2,0)*255).clip(0,255).astype(np.uint8)
        
        # 添加调试信息（前几个样本）
        if i < 3:
            print(f""Sample {i}: stego range [{stego.min():.3f}, {stego.max():.3f}], carrier range [{carrier_rgb.min():.3f}, {carrier_rgb.max():.3f}]"")
        
        # 原始载体图片与隐写后载体图片的对比
        psnr_orig_stego, ssim_orig_stego = psnr_ssim(orig_img, stego_img)
        ssim_original_vs_stego.append(ssim_orig_stego)
        psnr_original_vs_stego.append(psnr_orig_stego)
        
        # 原有的评测（这些可能有问题，暂时保留）
        psnr_c, ssim_c = psnr_ssim(orig_img, stego_img)
        ssim_cover.append(ssim_c)
        psnr_cover.append(psnr_c)
        decoded_img = (decoded.squeeze().cpu().numpy()*255).clip(0,255).astype(np.uint8)
        psnr_s, ssim_s = psnr_ssim(secret_arr, decoded_img)
        ssim_secret.append(ssim_s)
        psnr_secret.append(psnr_s)
    
    print(f'原始载体图片与隐写后载体图片PSNR均值: {np.mean(psnr_original_vs_stego):.2f}, SSIM均值: {np.mean(ssim_original_vs_stego):.4f}')
    print(f'载体图片编码前后PSNR均值: {np.mean(psnr_cover):.2f}, SSIM均值: {np.mean(ssim_cover):.4f}')
    print(f'隐藏图片藏入前后(解码后)PSNR均值: {np.mean(psnr_secret):.2f}, SSIM均值: {np.mean(ssim_secret):.4f}')
    
    # 保存性能指标到文件
    with open(os.path.join(out_dir, 'performance_results.txt'), 'w', encoding='utf-8') as f:
        f.write(f'=== 隐写性能评测结果 ===\n\n')
        f.write(f'1. 原始载体图片与隐写后载体图片对比:\n')
        f.write(f'   PSNR均值: {np.mean(psnr_original_vs_stego):.2f}, 标准差: {np.std(psnr_original_vs_stego):.2f}\n')
        f.write(f'   SSIM均值: {np.mean(ssim_original_vs_stego):.4f}, 标准差: {np.std(ssim_original_vs_stego):.4f}\n\n')
        f.write(f'2. 载体图片编码前后对比:\n')
        f.write(f'   PSNR均值: {np.mean(psnr_cover):.2f}, 标准差: {np.std(psnr_cover):.2f}\n')
        f.write(f'   SSIM均值: {np.mean(ssim_cover):.4f}, 标准差: {np.std(ssim_cover):.4f}\n\n')
        f.write(f'3. 隐藏图片藏入前后(解码后)对比:\n')
        f.write(f'   PSNR均值: {np.mean(psnr_secret):.2f}, 标准差: {np.std(psnr_secret):.2f}\n')
        f.write(f'   SSIM均值: {np.mean(ssim_secret):.4f}, 标准差: {np.std(ssim_secret):.4f}\n\n')
        f.write(f'=== 详细统计信息 ===\n')
        f.write(f'测试样本数量: {len(test_carriers)}\n')
        f.write(f'聚类数量: {n_clusters}\n')
        f.write(f'训练样本数量: {TRAIN_NUM}\n')
        f.write(f'测试样本数量: {TEST_NUM}\n')
    
    # 保存聚类可视化到output文件夹
    visualize_clusters(feats_for_cluster, labels, save_path=os.path.join(out_dir, 'cluster_vis.png'))
    
    # 保存一些测试样本的对比图片
    for i in range(min(5, len(test_carriers))):
        img, label = test_carriers[i], test_labels[i]
        carrier = torch.FloatTensor(img).unsqueeze(0).unsqueeze(0).to(DEVICE) / 255.0
        carrier_rgb = carrier.repeat(1,3,1,1)
        secret = torch.FloatTensor(secret_arr).unsqueeze(0).unsqueeze(0).to(DEVICE) / 255.0
        encoder = encoders[label].to(DEVICE)
        decoder = decoders[label].to(DEVICE)
        
        with torch.no_grad():
            stego = encoder(carrier_rgb, secret)
            decoded = decoder(stego)
        
        # 保存原始载体图片
        orig_img = (carrier_rgb.squeeze().cpu().numpy().transpose(1,2,0)*255).clip(0,255).astype(np.uint8)
        Image.fromarray(orig_img).save(os.path.join(out_dir, f'sample_{i}_original.png'))
        
        # 保存隐写后的图片
        stego_img = (stego.squeeze().cpu().numpy().transpose(1,2,0)*255).clip(0,255).astype(np.uint8)
        Image.fromarray(stego_img).save(os.path.join(out_dir, f'sample_{i}_stego.png'))
        
        # 保存解码后的秘密图片
        decoded_img = (decoded.squeeze().cpu().numpy()*255).clip(0,255).astype(np.uint8)
        Image.fromarray(decoded_img, mode='L').save(os.path.join(out_dir, f'sample_{i}_decoded.png'))
    
    # 保存原始秘密图片作为对比
    Image.fromarray(secret_arr).save(os.path.join(out_dir, 'original_secret.png'))
    
    print(f'所有结果已保存到 {out_dir} 文件夹')
    print('全部完成！')

if __name__ == '__main__':
    main() "
"jeongjh123/bando","a.py","import streamlit as st
import matplotlib.pyplot as plt
import numpy as np

# 제목
st.title(""반도체 공정 시뮬레이터"")

# 사이드바 입력
st.sidebar.header(""공정 조건 선택"")
process = st.sidebar.selectbox(""공정 선택"", [""산화"", ""식각"", ""증착""])
model_type = st.sidebar.radio(""모델 선택"", [""이론적"", ""현실적(실험적)""])
temp = st.sidebar.slider(""온도 (°C)"", 200, 1000, 600, step=50)
time = st.sidebar.slider(""공정 시간 (분)"", 1, 120, 30)

# 출력 요약
st.write(f""**{process}** 공정 / **{model_type}** 모델"")
st.write(f""온도: **{temp}°C**, 시간: **{time}분**"")

# 시간 배열
times = np.linspace(0, time, 100)

# ---- 공정별 모델 ----
if process == ""산화"":
    st.subheader(""Oxide Thickness"")

    A0 = 0.1       # μm
    B0 = 0.0117    # μm²/min

# 온도 영향 반영 (선형 근사)
    A = A0 * (temp / 600)
    B = B0 * (temp / 600)

# Deal-Grove 모델 (nm 단위로 변환)
    thickness_deal_grove = [(-A + np.sqrt(A**2 + 4 * B * t)) / 2 * 1000 for t in times]

    if model_type == ""이론적"":
        thickness = thickness_deal_grove
    else:
        # 현실적 모델: 포화형 (exponential saturation)
        saturation_thickness = 500  # nm
        rate = 0.05  # 1/min
        thickness = saturation_thickness * (1 - np.exp(-rate * times))

    # 결과 출력
    st.write(f""Estimated Oxide Thickness: **{round(thickness[-1], 2)} nm**"")

    # 그래프
    fig, ax = plt.subplots()
    if model_type == ""이론적"":
        ax.plot(times, thickness, label=""Theoretical Model"", color='green')
    else:
        ax.plot(times, thickness, label=""Exponential Saturation Model"", color='green')
        ax.plot(times, thickness_deal_grove, '--', label=""Theoretical Deal-Grove Model"", color='gray')
    ax.set_xlabel(""Time (min)"")
    ax.set_ylabel(""Oxide Thickness (nm)"")
    ax.set_title(""Change in Oxide Thickness"")
    ax.legend()
    ax.grid(True)
    st.pyplot(fig)

elif process == ""증착"":
    st.subheader(""Deposition Thickness"")

    deposition_rate = 0.08 * (temp / 100)  # nm/min
    thickness_linear = deposition_rate * times

    if model_type == ""이론적"":
        thickness = thickness_linear
    else:
        # 현실적: 초기 빠르다가 포화되는 모델 (예: 공급 제한형)
        max_thickness = deposition_rate * time * 1.1
        rate = 0.03
        thickness = max_thickness * (1 - np.exp(-rate * times))

    st.write(f""Estimated Deposition Thickness: **{round(thickness[-1], 2)} nm**"")

    fig, ax = plt.subplots()
    if model_type == ""이론적"":
        ax.plot(times, thickness, label=""Theoretical Model"", color='blue')
    else:
        ax.plot(times, thickness, label=""Exponential Saturation Model"", color='blue')
        ax.plot(times, thickness_linear, '--', label=""Theoretical Model"", color='gray')
    ax.set_xlabel(""Time (min)"")
    ax.set_ylabel(""Deposited Thickness (nm)"")
    ax.set_title(""Change in Deposition Thickness"")
    ax.legend()
    ax.grid(True)
    st.pyplot(fig)

elif process == ""식각"":
    st.subheader(""Etch Depth"")

    etch_rate = 0.05 * (temp / 100)  # nm/min
    depth_linear = etch_rate * times

    if model_type == ""이론적"":
        depth = depth_linear
    else:
        # 현실적: 반응 부산물/농도 감소 고려한 속도 감소형 모델
        decay_rate = 0.03
        depth = (etch_rate / decay_rate) * (1 - np.exp(-decay_rate * times))

    st.write(f""Estimated Etch Depth: **{round(depth[-1], 2)} nm**"")

    fig, ax = plt.subplots()
    if model_type == ""이론적"":
        ax.plot(times, depth, label=""Theoretical Model"", color='red')
    else:
        ax.plot(times, depth, label=""Decay Saturation Model"", color='red')
        ax.plot(times, depth_linear, '--', label=""Theoretical Model"", color='gray')
    ax.set_xlabel(""Time (min)"")
    ax.set_ylabel(""Etched Depth (nm)"")
    ax.set_title(""Change in Etch Depth"")
    ax.legend()
    ax.grid(True)
    st.pyplot(fig)

# 공정 이론 설명
st.markdown(""---"")
with st.expander(""공정 이론 설명""):
    if process == ""산화"":
        st.markdown(""""""
        - **산화 공정**은 실리콘에 산화막(SiO₂)을 형성하는 공정입니다.  
        - **Deal-Grove 모델**은 시간에 따라 산화 속도가 느려지는 현상을 설명합니다.  
        - 현실에서는 포화, 확산 제한 등으로 더 복잡한 거동을 보입니다.
        """""")
    elif process == ""식각"":
        st.markdown(""""""
        - **식각 공정**은 박막을 제거하는 공정입니다.  
        - 일정한 식각 속도를 가정하면 선형 증가하지만,  
        - 현실에서는 반응 부산물 누적이나 반응물 부족으로 속도가 감소할 수 있습니다.
        """""")
    elif process == ""증착"":
        st.markdown(""""""
        - **증착 공정**은 박막을 쌓는 공정입니다.  
        - 이론적으로는 일정한 속도이지만,  
        - 현실에서는 반응물 농도 감소나 표면 반응 포화로 증착률이 줄어들기도 합니다.
        """""")
"
"VadanKhan/liv-vadankhan-analyser","ith_export.py","# %% [markdown]
# ### Imports

# %%
import pandas as pd
import os
from pathlib import Path
import warnings
import numpy as np
import matplotlib.pyplot as plt
import requests
from bs4 import BeautifulSoup
import scipy.stats as st
from scipy.stats import linregress
from scipy.signal import savgol_filter
from scipy.optimize import curve_fit
import sys
import time

CURRENT_DIR = Path(os.getcwd())
# Move to the root directory
ROOT_DIR = CURRENT_DIR.parents[0]  # Adjust the number based on your folder structure

# Add the root directory to the system path
sys.path.append(str(ROOT_DIR))

# Import the importlib module
import importlib

# import function implementations
import stst_urls

# Reload the modules
importlib.reload(stst_urls)

# Re-import the functions
from stst_urls import GTX_URL

# %% [markdown]
# # Input Raw File and Decoder File

# %%
wafer_codes = [
    ""QCHZZ"",
]  # List of wafer codes

ANALYSIS_RUN_NAME = ""debug""

DECODER_FILE = ""QC WAFER_LAYOUT 24Dec.csv""
DECODER_FILE_PATH = ROOT_DIR / ""decoders"" / DECODER_FILE
RESULTS_FILE_PATH = ROOT_DIR / ""results""

warnings.filterwarnings(""ignore"")


def liv_raw_filelink_finder(wafer_codes, fileserver_link: str, product_code=""QC""):
    # Add the product code to the end of the fileserver link
    fileserver_link = f""{fileserver_link}{product_code}/""
    print(f""fileserver link: {fileserver_link}"")

    # Fetch the directory listing
    response = requests.get(fileserver_link, verify=False)
    soup = BeautifulSoup(response.content, ""html.parser"")

    # Find all links in the directory listing
    links = soup.find_all(""a"")

    # Filter the links to find subdirectories that match the wafer codes
    subdirectory_urls = []
    for link in links:
        href = link.get(""href"")
        if href and any(wafer_code in href for wafer_code in wafer_codes):
            subdirectory_urls.append(fileserver_link + href)

    # Initialize lists for different types of files and a dictionary for machine names
    file_urls = []
    file_cod_urls = []
    file_degradation_urls = []
    machine_list = []
    machine_dict = {}

    # Iterate over wafer codes and subdirectory URLs simultaneously
    for wafer_code, subdirectory_url in zip(wafer_codes, subdirectory_urls):
        response = requests.get(subdirectory_url, verify=False)
        soup = BeautifulSoup(response.content, ""html.parser"")
        links = soup.find_all(""a"")

        latest_file = None
        latest_cod_file = None
        latest_degradation_file = None

        latest_time = """"
        latest_cod_time = """"
        latest_degradation_time = """"
        machine_name = None

        for link in links:
            href = link.get(""href"")
            if href and ""RAW"" in href:
                time_str = href[-18:-4]  # Extract the time string
                if not machine_name:
                    machine_name = href[:6]  # Extract the machine name (first 6 characters)

                if ""COD250"" in href:
                    if time_str > latest_cod_time:
                        latest_cod_time = time_str
                        latest_cod_file = subdirectory_url + href
                elif ""COD70"" in href:
                    if time_str > latest_degradation_time:
                        latest_degradation_time = time_str
                        latest_degradation_file = subdirectory_url + href
                else:
                    if time_str > latest_time:
                        latest_time = time_str
                        latest_file = subdirectory_url + href

        if latest_file:
            file_urls.append(latest_file)
        if latest_cod_file:
            file_cod_urls.append(latest_cod_file)
        if latest_degradation_file:
            file_degradation_urls.append(latest_degradation_file)
        if machine_name:
            machine_list.append(machine_name)
            machine_dict[wafer_code] = machine_name

    return file_urls, file_cod_urls, file_degradation_urls, machine_list, machine_dict


# Calling code
file_urls, file_cod_urls, file_degradation_urls, machine_list, machine_dict = liv_raw_filelink_finder(wafer_codes, GTX_URL, ""QC"")
print(file_urls)

# DEBUG: INPUT LINKS TO OTHER GTX FILES HERE
# file_urls = [
#     ""https://sprgtxprod02.stni.seagate.com/~gtx/wafer/proc_LIV/data/byProdLot/QC/QCHWQ/LIV_53_QCHWQ_DNS-LIVTKCOD_LCRVCOD250-DNS_RAW20250227044906.CSV"",
#     ""https://sprgtxprod02.stni.seagate.com/~gtx/wafer/proc_LIV/data/byProdLot/QC/QCHWQ/LIV_53_QCHWQ_LIVBLTKCOD_COD250-DNS_RAW20250228082707.CSV"",
#     ""https://sprgtxprod02.stni.seagate.com/~gtx/wafer/proc_LIV/data/byProdLot/QC/QCHWQ/LIV_53_QCHWQ_LIVBLTKCOD_COD250-DNS_RAW20250311164324.CSV"",
# ]
# print(file_urls)

# %% [markdown]
# # Transform Data to Desired Raw Sweep Format

# %% [markdown]
# - selects required columns
# - transposes
# - stacks data in tall format
# - adds in device coords from decoder file
# - loops for every csv file chosen, and stores raw_sweep dataframes


# %%
def transform_raw_liv_file(file_url, decoder_file_path):
    start_time = time.time()

    # Step 1: Read the CSV file from the URL, skipping the first 19 rows
    print(""Step 1: Reading the CSV file..."")
    df = pd.read_csv(
        file_url,
        skiprows=19,
    )
    print(f""Step 1 completed in {time.time() - start_time:.2f} seconds"")

    # Step 2: Read the CSV file again to extract the second row
    print(""Step 2: Extracting the wafer ID..."")
    header_df = pd.read_csv(file_url, nrows=2)
    wafer_id = header_df.iloc[1, 1]
    print(f""Wafer ID: {wafer_id}"")
    print(f""Step 2 completed in {time.time() - start_time:.2f} seconds"")

    # Step 3: Get column names and subset the data frame with selected columns
    print(""Step 3: Subsetting the data frame..."")
    col_names = df.columns
    selected_cols = [col for col in col_names if ""Vf"" in col or ""PD"" in col]
    df_subset = df[selected_cols]
    cols_to_delete = [col for col in df_subset.columns if ""Vf@"" in col or ""PD@"" in col]
    df_subset.drop(columns=cols_to_delete, inplace=True)
    print(f""Step 3 completed in {time.time() - start_time:.2f} seconds"")

    # Step 4: Transpose the data frame and reset index
    print(""Step 4: Transposing the data frame..."")
    df_transposed = df_subset.transpose()
    df_transposed.reset_index(inplace=True)
    new_columns = [""Label""] + list(range(1, len(df_transposed.columns)))
    df_transposed.columns = new_columns
    df_transposed.loc[-1] = new_columns  # Add the new row at the top
    df_transposed.index = df_transposed.index + 1  # Shift the index
    df_transposed = df_transposed.sort_index()  # Sort by index to place the new row at the top
    print(f""Step 4 completed in {time.time() - start_time:.2f} seconds"")

    # Step 5: Split transposed table into Vf and PD data tables
    print(""Step 5: Splitting the transposed table..."")
    df_vf = df_transposed[df_transposed[""Label""].str.contains(""Vf"")]
    df_pd = df_transposed[df_transposed[""Label""].str.contains(""PD"")]
    df_vf.drop(columns=[""Label""], inplace=True)
    df_pd.drop(columns=[""Label""], inplace=True)
    print(f""Step 5 completed in {time.time() - start_time:.2f} seconds"")

    # Step 6: Learn data dimensions
    print(""Step 6: Learning data dimensions..."")
    n_meas = df_vf.shape[0]
    print(f""Number of Current Measurements per Device: {n_meas}"")
    n_devices = df_vf.shape[1]
    print(f""Number of Devices: {n_devices}"")
    print(f""Step 6 completed in {time.time() - start_time:.2f} seconds"")

    # Step 7: Concatenate all Voltage columns into one
    print(""Step 7: Concatenating Voltage columns..."")
    df_concat_vf = pd.concat([df_vf[col] for col in df_vf.columns], ignore_index=True).to_frame(name=""Vf"")
    df_concat_vf[""TOUCHDOWN""] = [i // n_meas + 1 for i in range(n_meas * n_devices)]
    print(f""Step 7 completed in {time.time() - start_time:.2f} seconds"")

    # Step 8: Concatenate all PD columns into one
    print(""Step 8: Concatenating PD columns..."")
    df_concat_pd = pd.concat([df_pd[col] for col in df_pd.columns], ignore_index=True).to_frame(name=""PD"")
    print(f""Step 8 completed in {time.time() - start_time:.2f} seconds"")

    # Step 9: Cartesian join of Vf and PD data tables
    print(""Step 9: Performing Cartesian join..."")
    df_raw_sweeps = pd.concat([df_concat_vf, df_concat_pd], axis=1)
    print(f""Step 9 completed in {time.time() - start_time:.2f} seconds"")

    # Step 10: Add device coordinates from original RAW file
    print(""Step 10: Adding device coordinates..."")
    if ""TOUCHDOWN"" in df.columns and ""STX_WAFER_X_UM"" in df.columns and ""STX_WAFER_Y_UM"" in df.columns:
        df_raw_sweeps = df_raw_sweeps.merge(df[[""TOUCHDOWN"", ""STX_WAFER_X_UM"", ""STX_WAFER_Y_UM""]], on=""TOUCHDOWN"", how=""left"")
    else:
        print(""Required columns for merging device coordinates are missing in the original RAW file."")
    print(f""Step 10 completed in {time.time() - start_time:.2f} seconds"")

    # Step 11: Merge with decoder file to get TE_LABEL etc.
    print(""Step 11: Merging with decoder file..."")
    if decoder_file_path.exists():
        df_decoder = pd.read_csv(decoder_file_path)
        if ""YMIN"" in df_decoder.columns and ""XMIN"" in df_decoder.columns:
            df_raw_sweeps = df_raw_sweeps.merge(
                df_decoder[[""YMIN"", ""XMIN"", ""TE_LABEL"", ""TYPE""]],
                left_on=[""STX_WAFER_Y_UM"", ""STX_WAFER_X_UM""],
                right_on=[""YMIN"", ""XMIN""],
                how=""left"",
            ).drop(columns=[""YMIN"", ""XMIN""])
        else:
            print(""Required columns for merging decoder data are missing in the decoder file."")
    else:
        print(f""Decoder file not found at {decoder_file_path}"")
    print(f""Step 11 completed in {time.time() - start_time:.2f} seconds"")

    # Step 12: Rename the columns
    print(""Step 12: Renaming columns..."")
    df_raw_sweeps.rename(columns={""STX_WAFER_X_UM"": ""X_UM"", ""STX_WAFER_Y_UM"": ""Y_UM""}, inplace=True)
    print(f""Step 12 completed in {time.time() - start_time:.2f} seconds"")

    # Step 13: Add current column as a repeating sequence of length n_meas
    print(""Step 13: Adding current column..."")
    df_raw_sweeps[""LDI_mA""] = [i % n_meas + 1 for i in range(len(df_raw_sweeps))]
    print(f""Step 13 completed in {time.time() - start_time:.2f} seconds"")

    # Step 14: Add a column for WAFER_ID with the wafer_id value repeated for every row
    print(""Step 14: Adding WAFER_ID column..."")
    df_raw_sweeps.insert(0, ""WAFER_ID"", wafer_id)
    print(f""Step 14 completed in {time.time() - start_time:.2f} seconds"")

    total_time = time.time() - start_time
    print(f""Total time taken: {total_time:.2f} seconds"")

    return df_raw_sweeps


def transform_raw_liv_file_first30rows(file_url, decoder_file_path):
    start_time_overall = time.time()

    # Step 1: Read the header to extract the wafer ID
    start_time = time.time()
    print(""Step 1: Reading the header to extract the wafer ID..."")

    header_df = pd.read_csv(file_url, nrows=2)
    wafer_id = header_df.iloc[1, 1]
    print(f""Wafer ID: {wafer_id}"")
    print(f""Step 1 completed in {time.time() - start_time:.2f} seconds"")

    # Step 2: Read the data rows, skipping the header rows
    print(""Step 2: Reading the data rows, skipping the header rows..."")
    df = pd.read_csv(file_url, skiprows=19, nrows=30)

    print(f""Step 2 completed in {time.time() - start_time:.2f} seconds"")

    # Step 3: Get column names and subset the data frame with selected columns
    print(""Step 3: Subsetting the data frame..."")
    start_time = time.time()
    col_names = df.columns
    selected_cols = [col for col in col_names if ""Vf"" in col or ""PD"" in col]
    df_subset = df[selected_cols]
    cols_to_delete = [col for col in df_subset.columns if ""Vf@"" in col or ""PD@"" in col]
    df_subset.drop(columns=cols_to_delete, inplace=True)
    print(f""Step 3 completed in {time.time() - start_time:.2f} seconds"")

    # Step 4: Transpose the data frame and reset index
    print(""Step 4: Transposing the data frame..."")
    start_time = time.time()
    df_transposed = df_subset.transpose()
    df_transposed.reset_index(inplace=True)
    new_columns = [""Label""] + list(range(1, len(df_transposed.columns)))
    df_transposed.columns = new_columns
    df_transposed.loc[-1] = new_columns  # Add the new row at the top
    df_transposed.index = df_transposed.index + 1  # Shift the index
    df_transposed = df_transposed.sort_index()  # Sort by index to place the new row at the top
    print(f""Step 4 completed in {time.time() - start_time:.2f} seconds"")

    # Step 5: Split transposed table into Vf and PD data tables
    print(""Step 5: Splitting the transposed table..."")
    start_time = time.time()
    df_vf = df_transposed[df_transposed[""Label""].str.contains(""Vf"")]
    df_pd = df_transposed[df_transposed[""Label""].str.contains(""PD"")]
    df_vf.drop(columns=[""Label""], inplace=True)
    df_pd.drop(columns=[""Label""], inplace=True)
    print(f""Step 5 completed in {time.time() - start_time:.2f} seconds"")

    # Step 6: Learn data dimensions
    print(""Step 6: Learning data dimensions..."")
    start_time = time.time()
    n_meas = df_vf.shape[0]
    print(f""Number of Current Measurements per Device: {n_meas}"")
    n_devices = df_vf.shape[1]
    print(f""Number of Devices: {n_devices}"")
    print(f""Step 6 completed in {time.time() - start_time:.2f} seconds"")

    # Step 7: Concatenate all Voltage columns into one
    print(""Step 7: Concatenating Voltage columns..."")
    start_time = time.time()
    df_concat_vf = pd.concat([df_vf[col] for col in df_vf.columns], ignore_index=True).to_frame(name=""Vf"")
    df_concat_vf[""TOUCHDOWN""] = [i // n_meas + 1 for i in range(n_meas * n_devices)]
    print(f""Step 7 completed in {time.time() - start_time:.2f} seconds"")

    # Step 8: Concatenate all PD columns into one
    print(""Step 8: Concatenating PD columns..."")
    start_time = time.time()
    df_concat_pd = pd.concat([df_pd[col] for col in df_pd.columns], ignore_index=True).to_frame(name=""PD"")
    print(f""Step 8 completed in {time.time() - start_time:.2f} seconds"")

    # Step 9: Cartesian join of Vf and PD data tables
    print(""Step 9: Performing Cartesian join..."")
    start_time = time.time()
    df_raw_sweeps = pd.concat([df_concat_vf, df_concat_pd], axis=1)
    print(f""Step 9 completed in {time.time() - start_time:.2f} seconds"")

    # Step 10: Add device coordinates from original RAW file
    print(""Step 10: Adding device coordinates..."")
    start_time = time.time()
    if ""TOUCHDOWN"" in df.columns and ""STX_WAFER_X_UM"" in df.columns and ""STX_WAFER_Y_UM"" in df.columns:
        df_raw_sweeps = df_raw_sweeps.merge(df[[""TOUCHDOWN"", ""STX_WAFER_X_UM"", ""STX_WAFER_Y_UM""]], on=""TOUCHDOWN"", how=""left"")
    else:
        print(""Required columns for merging device coordinates are missing in the original RAW file."")
    print(f""Step 10 completed in {time.time() - start_time:.2f} seconds"")

    # Step 11: Merge with decoder file to get TE_LABEL etc.
    print(""Step 11: Merging with decoder file..."")
    start_time = time.time()
    if decoder_file_path.exists():
        df_decoder = pd.read_csv(decoder_file_path)
        if ""YMIN"" in df_decoder.columns and ""XMIN"" in df_decoder.columns:
            df_raw_sweeps = df_raw_sweeps.merge(
                df_decoder[[""YMIN"", ""XMIN"", ""TE_LABEL"", ""TYPE""]],
                left_on=[""STX_WAFER_Y_UM"", ""STX_WAFER_X_UM""],
                right_on=[""YMIN"", ""XMIN""],
                how=""left"",
            ).drop(columns=[""YMIN"", ""XMIN""])
        else:
            print(""Required columns for merging decoder data are missing in the decoder file."")
    else:
        print(f""Decoder file not found at {decoder_file_path}"")
    print(f""Step 11 completed in {time.time() - start_time:.2f} seconds"")

    # Step 12: Rename the columns
    print(""Step 12: Renaming columns..."")
    start_time = time.time()
    df_raw_sweeps.rename(columns={""STX_WAFER_X_UM"": ""X_UM"", ""STX_WAFER_Y_UM"": ""Y_UM""}, inplace=True)
    print(f""Step 12 completed in {time.time() - start_time:.2f} seconds"")

    # Step 13: Add current column as a repeating sequence of length n_meas
    print(""Step 13: Adding current column..."")
    start_time = time.time()
    df_raw_sweeps[""LDI_mA""] = [i % n_meas + 1 for i in range(len(df_raw_sweeps))]
    print(f""Step 13 completed in {time.time() - start_time:.2f} seconds"")

    # Step 14: Add a column for WAFER_ID with the wafer_id value repeated for every row
    print(""Step 14: Adding WAFER_ID column..."")
    start_time = time.time()
    df_raw_sweeps.insert(0, ""WAFER_ID"", wafer_id)
    print(f""Step 14 completed in {time.time() - start_time:.2f} seconds"")

    total_time = time.time() - start_time_overall
    print(f""Total time taken: {total_time:.2f} seconds"")

    return df_raw_sweeps


raw_sweeps_tables = []

warnings.filterwarnings(""ignore"")

# CALLING THE CODE
for file_url in file_urls:
    df_raw_sweeps = transform_raw_liv_file_first30rows(file_url, DECODER_FILE_PATH)
    raw_sweeps_tables.append(df_raw_sweeps)

# Display the first 10 rows of the raw_sweeps table
print(raw_sweeps_tables[0].head(10))

# %% [markdown]
# # I_th Data processing


# %%
def raw_sweep_ITH_evaluations(df_raw_sweeps):
    # Calculate dV/dI
    df_raw_sweeps[""dV/dI""] = (df_raw_sweeps[""Vf""].diff()) / (df_raw_sweeps[""LDI_mA""].diff())
    # Calculate dP/dI
    df_raw_sweeps[""dP/dI""] = (df_raw_sweeps[""PD""].diff()) / (df_raw_sweeps[""LDI_mA""].diff())

    # Calculate second differentials
    df_raw_sweeps[""d2V/dI2""] = df_raw_sweeps[""dV/dI""].diff() / df_raw_sweeps[""LDI_mA""].diff()
    df_raw_sweeps[""d2P/dI2""] = df_raw_sweeps[""dP/dI""].diff() / df_raw_sweeps[""LDI_mA""].diff()

    return df_raw_sweeps


annotated_sweeps_tables = []
device_summary_tables = []
wafer_summary_tables = []

for i, df_raw_sweeps in enumerate(raw_sweeps_tables):
    wafer_code = df_raw_sweeps[""WAFER_ID""].iloc[0]
    annotated_sweeps = raw_sweep_ITH_evaluations(df_raw_sweeps)
    annotated_sweeps_tables.append(annotated_sweeps)

# %% [markdown]
# # Raw Sweep Plotting


# %%
# Function to plot PD/LDI and Vf/LDI for a specific laser and wafer
def plot_specific_touchdown(df_raw_sweeps, wafer_code, touchdown, pnt_size):
    specific_data = df_raw_sweeps[(df_raw_sweeps[""WAFER_ID""] == wafer_code) & (df_raw_sweeps[""TOUCHDOWN""] == touchdown)]

    if specific_data.empty:
        print(f""No data found for Wafer Code: {wafer_code} and TOUCHDOWN: {touchdown}"")
        return

    fig, ((ax1, ax2), (ax3, ax4), (ax5, ax6)) = plt.subplots(3, 2, figsize=(18, 15))

    # Plot PD/LDI
    ax1.scatter(specific_data[""LDI_mA""], specific_data[""PD""], s=pnt_size, color=""blue"")
    ax1.set_title(f""{wafer_code}: Scatter Plot of PD vs LDI_mA for TOUCHDOWN {touchdown}"")
    ax1.set_xlabel(""LDI_mA"")
    ax1.set_ylabel(""PD"")
    ax1.grid(True)

    # Plot dP/dI
    ax3.scatter(specific_data[""LDI_mA""], specific_data[""dP/dI""], s=pnt_size, color=""blue"")
    ax3.set_title(f""{wafer_code}: Scatter Plot of dP/dI for TOUCHDOWN {touchdown}"")
    ax3.set_xlabel(""LDI_mA"")
    ax3.set_ylabel(""dP/dI"")
    ax3.grid(True)

    # Plot d2P/dI2
    ax5.scatter(specific_data[""LDI_mA""], specific_data[""d2P/dI2""], s=pnt_size, color=""blue"")
    ax5.set_title(f""{wafer_code}: Scatter Plot of d2P/dI2 for TOUCHDOWN {touchdown}"")
    ax5.set_xlabel(""LDI_mA"")
    ax5.set_ylabel(""d2P/dI2"")
    ax5.grid(True)

    # Plot Vf/LDI
    ax2.scatter(specific_data[""LDI_mA""], specific_data[""Vf""], s=pnt_size, color=""green"")
    ax2.set_title(f""{wafer_code}: Scatter Plot of Vf vs LDI_mA for TOUCHDOWN {touchdown}"")
    ax2.set_xlabel(""LDI_mA"")
    ax2.set_ylabel(""Vf"")
    ax2.grid(True)

    # Plot dV/dI
    ax4.scatter(specific_data[""LDI_mA""], specific_data[""dV/dI""], s=pnt_size, color=""green"")
    ax4.set_title(f""{wafer_code}: Scatter Plot of dV/dI vs LDI_mA for TOUCHDOWN {touchdown}"")
    ax4.set_xlabel(""LDI_mA"")
    ax4.set_ylabel(""dV/dI"")
    ax4.grid(True)

    # Plot d2V/dI2
    ax6.scatter(specific_data[""LDI_mA""], specific_data[""d2V/dI2""], s=pnt_size, color=""green"")
    ax6.set_title(f""{wafer_code}: Scatter Plot of d2V/dI2 vs LDI_mA for TOUCHDOWN {touchdown}"")
    ax6.set_xlabel(""LDI_mA"")
    ax6.set_ylabel(""d2V/dI2"")
    ax6.grid(True)

    plt.tight_layout()

    plt.show()


def gaussian(x, a, mu, sigma):
    """"""Gaussian function for curve fitting.""""""
    return a * np.exp(-((x - mu) ** 2) / (2 * sigma**2))


def plot_with_smoothing_and_normalization(df_raw_sweeps, wafer_code, touchdown, window_length=5, polyorder=2):
    specific_data = df_raw_sweeps[(df_raw_sweeps[""WAFER_ID""] == wafer_code) & (df_raw_sweeps[""TOUCHDOWN""] == touchdown)]

    if specific_data.empty:
        print(f""No data found for Wafer Code: {wafer_code} and TOUCHDOWN: {touchdown}"")
        return

    # Sort data by LDI to ensure proper plotting
    specific_data = specific_data.sort_values(by=""LDI_mA"")

    # Normalize PD using min-max scaling
    min_PD = specific_data[""PD""].min()
    max_PD = specific_data[""PD""].max()
    specific_data[""PD_norm""] = (specific_data[""PD""] - min_PD) / (max_PD - min_PD)

    # Apply Savitzky-Golay smoothing to normalized PD
    smoothed_PD_norm = savgol_filter(specific_data[""PD_norm""], window_length=window_length, polyorder=polyorder)

    # Compute differentials on normalized & smoothed data
    dP_dI_norm = np.gradient(specific_data[""PD_norm""], specific_data[""LDI_mA""])
    smoothed_dP_dI_norm = np.gradient(smoothed_PD_norm, specific_data[""LDI_mA""])

    d2P_dI2_norm = np.gradient(dP_dI_norm, specific_data[""LDI_mA""])
    smoothed_d2P_dI2_norm = np.gradient(smoothed_dP_dI_norm, specific_data[""LDI_mA""])

    # Fit Gaussian to the smoothed second differential
    try:
        p0 = [np.max(smoothed_d2P_dI2_norm), np.median(specific_data[""LDI_mA""]), np.std(specific_data[""LDI_mA""])]
        popt, _ = curve_fit(gaussian, specific_data[""LDI_mA""], smoothed_d2P_dI2_norm, p0=p0)
        gaussian_fit = gaussian(specific_data[""LDI_mA""], *popt)
        median_x = popt[1]  # Extract median x from Gaussian fit
    except:
        gaussian_fit = np.zeros_like(smoothed_d2P_dI2_norm)
        median_x = np.nan  # Handle fit failure gracefully

    fig, axes = plt.subplots(3, 2, figsize=(18, 20))  # Extra row for line fitting plot

    # Normalized PD vs LDI (Unsmoothed)
    axes[0, 0].plot(specific_data[""LDI_mA""], specific_data[""PD_norm""], color=""blue"", label=""Normalized PD (Raw)"")
    axes[0, 0].set_title(f""{wafer_code}: PD vs LDI (Normalized, Unsmoothed)"")
    axes[0, 0].set_xlabel(""LDI_mA"")
    axes[0, 0].set_ylabel(""Normalized PD"")
    axes[0, 0].grid(True)

    # Normalized PD vs LDI (Smoothed)
    axes[0, 1].plot(specific_data[""LDI_mA""], smoothed_PD_norm, color=""red"", label=""Normalized PD (Smoothed)"")
    axes[0, 1].set_title(f""{wafer_code}: PD vs LDI (Normalized & Smoothed)"")
    axes[0, 1].set_xlabel(""LDI_mA"")
    axes[0, 1].set_ylabel(""Normalized PD"")
    axes[0, 1].grid(True)

    # Normalized dP/dI (Unsmoothed)
    axes[1, 0].plot(specific_data[""LDI_mA""], dP_dI_norm, color=""blue"", label=""dP/dI (Raw)"")
    axes[1, 0].set_title(f""{wafer_code}: dP/dI (Normalized, Unsmoothed)"")
    axes[1, 0].set_xlabel(""LDI_mA"")
    axes[1, 0].set_ylabel(""dP/dI"")
    axes[1, 0].grid(True)

    # Normalized dP/dI (Smoothed)
    axes[1, 1].plot(specific_data[""LDI_mA""], smoothed_dP_dI_norm, color=""red"", label=""dP/dI (Smoothed)"")
    axes[1, 1].set_title(f""{wafer_code}: dP/dI (Normalized & Smoothed)"")
    axes[1, 1].set_xlabel(""LDI_mA"")
    axes[1, 1].set_ylabel(""dP/dI"")
    axes[1, 1].grid(True)

    # Normalized d2P/dI2 (Unsmoothed)
    axes[2, 0].plot(specific_data[""LDI_mA""], d2P_dI2_norm, color=""blue"", label=""d2P/dI2 (Raw)"")
    axes[2, 0].set_title(f""{wafer_code}: d2P/dI2 (Normalized, Unsmoothed)"")
    axes[2, 0].set_xlabel(""LDI_mA"")
    axes[2, 0].set_ylabel(""d2P/dI2"")
    axes[2, 0].grid(True)

    # Normalized d2P/dI2 (Smoothed) + Gaussian Fit
    axes[2, 1].plot(specific_data[""LDI_mA""], smoothed_d2P_dI2_norm, color=""red"", label=""d2P/dI2 (Smoothed)"")
    axes[2, 1].plot(specific_data[""LDI_mA""], gaussian_fit, color=""purple"", linestyle=""dashed"", label=""Gaussian Fit"")

    # Mark median_x with a vertical line
    if not np.isnan(median_x):
        axes[2, 1].axvline(median_x, color=""black"", linestyle=""dotted"", label=f""Median: {median_x:.3f}"")

    axes[2, 1].set_title(f""{wafer_code}: d2P/dI2 (Normalized & Smoothed) + Gaussian Fit"")
    axes[2, 1].set_xlabel(""LDI_mA"")
    axes[2, 1].set_ylabel(""d2P/dI2"")
    axes[2, 1].grid(True)
    axes[2, 1].legend()

    # ------------------- LINEAR FITTING SECTION (Separate Figure) -------------------
    if not np.isnan(median_x):
        # Split data at median_x
        left_side = specific_data[specific_data[""LDI_mA""] <= median_x]
        right_side = specific_data[specific_data[""LDI_mA""] > median_x]

        # Fit linear regression to both segments
        slope_left, intercept_left, _, _, _ = linregress(left_side[""LDI_mA""], left_side[""PD_norm""])
        slope_right, intercept_right, _, _, _ = linregress(right_side[""LDI_mA""], right_side[""PD_norm""])

        # Generate fitted lines
        fit_left = slope_left * left_side[""LDI_mA""] + intercept_left
        fit_right = slope_right * right_side[""LDI_mA""] + intercept_right

        # Compute intersection point
        intersection_x = (intercept_right - intercept_left) / (slope_left - slope_right)
        intersection_y = slope_left * intersection_x + intercept_left

        # Create a separate figure for linear fits
        plt.figure(figsize=(10, 6))

        # Plot original normalized PD data as scatter points
        plt.scatter(specific_data[""LDI_mA""], specific_data[""PD_norm""], color=""green"", marker=""+"", alpha=1, label=""Original Data"")

        # Plot linear fits
        plt.plot(left_side[""LDI_mA""], fit_left, color=""blue"", label=f""Left Fit (Slope={slope_left:.3f})"")
        plt.plot(right_side[""LDI_mA""], fit_right, color=""red"", label=f""Right Fit (Slope={slope_right:.3f})"")

        # Mark the intersection point
        plt.scatter(intersection_x, intersection_y, color=""black"", marker=""x"", s=200, label=f""Intersection at LDI={intersection_x:.3f}"")

        # Labels and title
        plt.title(f""{wafer_code}: Linear Fits Split at Median"")
        plt.xlabel(""LDI_mA"")
        plt.ylabel(""Normalized PD"")
        plt.legend()
        plt.grid(True)

    plt.tight_layout()
    plt.show()


# INPUT THE DESIRED PROFILE TO EXAMINE HERE
# Define the specific wafer code and TOUCHDOWN number
WAFER_CODE = ""QCHZZ""
TOUCHDOWN = 30

# Find the correct dataframe where the wafer code matches the input
df_raw_sweeps = None
for df in annotated_sweeps_tables:
    if df[""WAFER_ID""].iloc[0] == WAFER_CODE:
        df_raw_sweeps = df
        break

if df_raw_sweeps is not None:
    # Plot for the specified touchdown number
    # plot_specific_touchdown(df_raw_sweeps, WAFER_CODE, TOUCHDOWN, pnt_size=5)
    plot_with_smoothing_and_normalization(df_raw_sweeps, WAFER_CODE, TOUCHDOWN, window_length=5, polyorder=2)
else:
    print(f""No data found for Wafer Code: {WAFER_CODE}"")
"
"airi-summer-2024-team-43/rl-exploration-metrics","g.py","import gymnasium as gym
import matplotlib.pyplot as plt
import numpy as np

env_id = ""PointMaze_Large_Diverse_G-v3""
env = gym.make(env_id)
obs, info = env.reset()
print(obs)

coords = []

while True:
    # Using random policy to make actions
    obs, reward, terminated, truncated, info = env.step(env.action_space.sample())
    print(obs)
    first_two_coords = obs['observation'][:2]
    coords.append(first_two_coords)
    print(""x, y координаты:"", first_two_coords)
    if (terminated) or (truncated):
        break

coords_array = np.array(coords)
plt.figure(figsize=(10, 8))
plt.hist2d(coords_array[:, 0], coords_array[:, 1], bins=50, cmap='Blues')
plt.title(""Тепловая карта координат"")
plt.xlabel(""Координата X"")
plt.ylabel(""Координата Y"")
plt.colorbar(label='Плотность')
plt.show()
"
"LD8834/ML-lab","7.py","import pandas as pd
import matplotlib.pyplot as plt
from sklearn.model_selection import train_test_split, cross_val_score
from sklearn.tree import DecisionTreeClassifier, plot_tree
from sklearn.metrics import accuracy_score, classification_report
from sklearn.preprocessing import OneHotEncoder

# Load the weather dataset from the local file
file_path = r""weather_forecast.csv""
df = pd.read_csv(file_path)

# Display the first few rows of the dataset
print(df.head())

# Preprocessing: convert categorical variables to numerical using one-hot encoding
encoder = OneHotEncoder(drop='first')
X_encoded = encoder.fit_transform(df.drop('Play', axis=1)).toarray()
y = df['Play']

# Splitting the dataset into training and testing sets
X_train, X_test, y_train, y_test = train_test_split(X_encoded, y, test_size=0.2, random_state=42)

# Initialize the decision tree classifier with ID3 algorithm
clf_id3 = DecisionTreeClassifier(criterion='entropy', random_state=42)

# Fit the ID3 classifier to the training data
clf_id3.fit(X_train, y_train)

# Visualize the ID3 decision tree
plt.figure(figsize=(12, 8))
plot_tree(clf_id3, filled=True, feature_names=encoder.get_feature_names_out(['Outlook', 'Temperature', 'Humidity', 'Windy']), class_names=['No', 'Yes'])
plt.show()

# Predict the labels for the test set using ID3
y_pred_id3 = clf_id3.predict(X_test)

# Evaluate the ID3 model
accuracy_id3 = accuracy_score(y_test, y_pred_id3)
report_id3 = classification_report(y_test, y_pred_id3)

print(""ID3 Algorithm Results:"")
print(f""Accuracy: {accuracy_id3}"")
print(f""Classification Report:\n{report_id3}"")

# Perform cross-validation for ID3
cv_scores_id3 = cross_val_score(clf_id3, X_encoded, y, cv=5)
print(""Cross-Validation Scores (ID3):"", cv_scores_id3)
print(""Mean CV Accuracy (ID3):"", cv_scores_id3.mean())

# Initialize the decision tree classifier with CART algorithm
clf_cart = DecisionTreeClassifier(criterion='gini', random_state=42)

# Fit the CART classifier to the training data
clf_cart.fit(X_train, y_train)

# Visualize the CART decision tree
plt.figure(figsize=(12, 8))
plot_tree(clf_cart, filled=True, feature_names=encoder.get_feature_names_out(['Outlook', 'Temperature', 'Humidity', 'Windy']), class_names=['No', 'Yes'])
plt.show()

# Predict the labels for the test set using CART
y_pred_cart = clf_cart.predict(X_test)

# Evaluate the CART model
accuracy_cart = accuracy_score(y_test, y_pred_cart)
report_cart = classification_report(y_test, y_pred_cart)

print(""CART Algorithm Results:"")
print(f""Accuracy: {accuracy_cart}"")
print(f""Classification Report:\n{report_cart}"")

# Perform cross-validation for CART
cv_scores_cart = cross_val_score(clf_cart, X_encoded, y, cv=5)
print(""Cross-Validation Scores (CART):"", cv_scores_cart)
print(""Mean CV Accuracy (CART):"", cv_scores_cart.mean())
"
"redom13/Code-DSA","p.py","import matplotlib.pyplot as plt
import numpy as np
from scipy.spatial import ConvexHull

def plot_convex_polygon(points, color, label):
    # Calculate convex hull using scipy's ConvexHull
    hull = ConvexHull(points)
    
    # Plot the convex hull
    for simplex in hull.simplices:
        plt.plot(points[simplex, 0], points[simplex, 1], color)

    plt.scatter(points[:, 0], points[:, 1], color=color, label=label)
    for i, (x, y) in enumerate(points):
        plt.annotate(f""({x:.2f}, {y:.2f})"", (x, y), textcoords=""offset points"", xytext=(0,5), ha='center')
def main():
    file_path1 =  r'C:\Users\ASUS\Downloads\Sample io\Sample i_o\Task-1\i_o-3\out.txt'
    #input(""Enter the path to the first points file: "")
    file_path2 = r'D:\L1T2\Code DSA\myOut.txt'
    #input(""Enter the path to the second points file: "")
    
    try:
        with open(file_path1, 'r') as file1, open(file_path2, 'r') as file2:
            #lines1 = file1.readlines()
            lines2 = file2.readlines()
            
            #points1 = [list(map(float, line.strip().split())) for line in lines1]
            points2 = [list(map(float, line.strip().split())) for line in lines2]
            
            #points1 = np.array(points1)
            points2 = np.array(points2)
            
            plt.figure(figsize=(8, 6))
            
            # Plot the convex polygons
            #plot_convex_polygon(points1, 'blue', 'Polygon 1')
            plot_convex_polygon(points2, 'orange', 'Polygon 2')
            
            # Highlight differences
            #hull1 = ConvexHull(points1)
            hull2 = ConvexHull(points2)
            
            # Convert simplex arrays to tuples before creating the set
            #diff_lines = set(tuple(simplex) for simplex in hull1.simplices) ^ set(tuple(simplex) for simplex in hull2.simplices)
            
            # # Plot differences as red lines
            # for simplex in diff_lines:
            #     plt.plot(points1[simplex, 0], points1[simplex, 1], 'r--')
            #     plt.plot(points2[simplex, 0], points2[simplex, 1], 'r--')
            
            plt.xlabel('X')
            plt.ylabel('Y')
            plt.title('From myOut.txt')
            plt.legend()
            plt.grid()
            plt.show()
            
            # if len(diff_lines) == 0:
            #     print(""The convex polygons are identical."")
            # else:
            #     print(""The convex polygons are not identical."")
            
    except FileNotFoundError:
        print(""File not found."")

if __name__ == ""__main__"":
    main()
"
"TammyPhysique/Trading-Python","Warning Logistic Regression.py","import numpy as np
import matplotlib.pyplot as plt
import warnings
warnings.filterwarnings('ignore')

# Import linear_model and dataset from sklearn
from sklearn import linear_model, datasets
iris = datasets.load_iris()   

# Independent variables, we will only use the first two features/Columns
X = iris.data[:, :2] 

# Dependent variable
Y = iris.target

# Create an instance of LogisticRegression and fit the data
log_reg = linear_model.LogisticRegression(C=1e5)
log_reg.fit(X,Y)

# Step size in the mesh
h = .01 

# Create the decision boundary
# For that, we will assign a color to each Point in the mesh [x_min, x_max] [y_min, y_max]
# Take the endpoints of the X variable
x_min, x_max = X[:, 0].min() - 3.5, X[:, 0].max() + 3.5 
# Take the endpoints of the Y variable
y_min, y_max = X[:, 0].min() - 3.5, X[:, 0].max() + 3.5  

# Create a mesh using np.mesh function so that we can easily see the classified results under different mesh
xx, yy = np.meshgrid(np.arange(x_min, x_max, h), np.arange(y_min, y_max, h))

Z = log_reg.predict(np.c_[xx.ravel(), yy.ravel()])
Z

Z = Z.reshape(xx.shape)
plt.figure(1, figsize=(10, 7))
plt.pcolormesh(xx, yy, Z, cmap=plt.cm.Paired)
# Plot also the training points
plt.scatter(X[:, 0], X[:, 1], c=Y, edgecolors=""k"", cmap=plt.cm.Paired)
plt.xlabel('Sepal Length', fontsize=12)
plt.ylabel('Sepal Width', fontsize=12)
plt.title('Logictic Regression on Iris Dataset', fontsize=14)

plt.show()

"
"vinash85/GenePedia","A.py","#a.py
""""""

Goal
Test the model on the saved models, and calculate the metrics for each gene concatinated with the cell line embeddings

it calculate the correlation by each seen gene
""""""
import torch 
from torch import nn
from torch.utils.data import DataLoader, TensorDataset
import pandas as pd
import numpy as np
import matplotlib.pyplot as plt
from scipy.stats import pearsonr
from sklearn.metrics import mean_absolute_error, mean_squared_error, r2_score
import os
import torch.nn.functional as F
from functions import FullConnectedBlock, NeuralNetwork
pd.options.mode.chained_assignment = None





# Initialize lists to store metrics


avg_test_losses = []
mae_values = []
rmse_values = []
r2_values = []
correlation_coefficients = []
p_values = []



# Loop through the saved models
# for epoch in range(num_epochs):

target_epochs = [2]

# Loop through the target epochs
for epoch in target_epochs:
    #model_epoch = epoch
    Y_data_count = 0

    model_path = f'/mnt/data/macaulay/datas/genepedia/crispr_fc1_model_state_epoch_{epoch}.pth'
    if os.path.exists(model_path):
        

        data1_test = pd.read_csv(""/mnt/data/macaulay/datas/test_omicExpression_Embeddings.csv"") #30 >>
        data2_test = pd.read_csv(""/mnt/data/macaulay/datas/training_gene_embeddings.csv"") #17000 >>
        df_Y_test = pd.read_csv('/mnt/data/macaulay/datas/A_test_gene__Y_crispr.csv') #>>
        print('Test data loaded successfully')




        batch_size1 = len(data1_test)
        batch_size_Y = len(data1_test)
        batch_size2 = 1
        combined_batches_test = []

        input_dim = data1_test.shape[1] + data2_test.shape[1] - 1
        device = torch.device(""cuda"" if torch.cuda.is_available() else ""cpu"")
        print('Device:', device)
        model = NeuralNetwork(input_dim)

        # If multiple GPUs
        if torch.cuda.device_count() >= 4:
            print(""Using 4 GPUs!"")
            model = nn.DataParallel(model, device_ids=list(range(4)))

        model.to(device)
        model.load_state_dict(torch.load(model_path))
        model.eval()  # Set the model to evaluation mode

        # Define the loss function as Mean Squared Error
        loss_fn = nn.MSELoss()

        

        for i in range(0, len(data2_test), batch_size2):  # Loop through data2_test
            batch_data2_test = data2_test.iloc[i:i+batch_size2]
            for j in range(0, len(data1_test), batch_size1):  # Loop through data1_test
                batch_data1_test = data1_test.iloc[j:j+batch_size1]
                batch_data1_test['key'] = 1
                batch_data2_test['key'] = 1
                batch_data1_test = batch_data1_test[list(data1_test.columns[0:]) + ['key']]
                batch_data2_test = batch_data2_test[list(data2_test.columns[1:]) + ['key']]
                combined_batch_test = pd.merge(batch_data1_test, batch_data2_test, on='key').drop(columns=['key'])
                combined_batches_test.append(combined_batch_test)

                X_test = pd.concat(combined_batches_test)
                combined_batches_test = []
                Y_test = df_Y_test.iloc[Y_data_count:(batch_size_Y * (i+1))]
                Y_data_count += batch_size_Y

                
                X_test1 = torch.tensor(X_test.values, dtype=torch.float32)
                Y_test1 = torch.tensor(Y_test.values.reshape(-1, 1), dtype=torch.float32)
                test_data = TensorDataset(X_test1, Y_test1)
                test_dataloader = DataLoader(test_data, batch_size=128, shuffle=True)

                #print('Test data preprocessed successfully')
                ##################### The first 1 Batch which forms 100 rows after concat, are preprocessed and fed to the neural network under the same loop #####################

                # Evaluate the model on the test data
                test_loss = 0.0
                actual_outputs = []
                predicted_outputs = []
                with torch.no_grad():  # Disable gradient calculation
                    for inputs, targets in test_dataloader:
                        inputs = inputs.to(device)
                        targets = targets.to(device)
                        outputs = model(inputs)
                        loss = loss_fn(outputs, targets)
                        test_loss += loss.item()
                        actual_outputs.extend(targets.cpu().numpy().flatten().tolist())
                        predicted_outputs.extend(outputs.cpu().numpy().flatten().tolist())

                avg_test_loss = test_loss / len(test_dataloader)
                avg_test_losses.append(avg_test_loss)

                # Calculate Pearson correlation coefficient
                correlation_coefficient, p_value = pearsonr(actual_outputs, predicted_outputs)
                correlation_coefficients.append(correlation_coefficient)
                p_values.append(p_value)  # Append the p-value

                mae = mean_absolute_error(actual_outputs, predicted_outputs)
                rmse = np.sqrt(mean_squared_error(actual_outputs, predicted_outputs))
                r2 = r2_score(actual_outputs, predicted_outputs)

                # Append metrics to their respective lists
                mae_values.append(mae)
                rmse_values.append(rmse)
                r2_values.append(r2)

                print(f'Epoch {epoch} : gene {i+1}/{target_epochs}: Avg. test loss = {avg_test_loss:.4f}')
                print(f'Epoch {epoch} : gene {i+1}/{target_epochs}: Correlation Coefficient = {correlation_coefficient:.4f}')
                print(f'Epoch {epoch} : gene {i+1}/{target_epochs}: Mean Absolute Error = {mae:.4f}')
                print(f'Epoch {epoch} : gene {i+1}/{target_epochs}: Root Mean Square Error = {rmse:.4f}')
                print(f'Epoch {epoch} : gene {i+1}/{target_epochs}: R2 Score = {r2:.4f}')


    else:
        print(f'Model for epoch {epoch} not found!')


# Create a list to store the full epoch labels
epochs = []

# Loop through the target epochs
for major in target_epochs:
    for minor in range(1, len(data2_test) + 1):
        epoch = f'{major}.{minor:02}'  # Format as a string with two decimal places
        epochs.append(float(epoch))

# Create a DataFrame to hold the metrics
metrics_df = pd.DataFrame({
    'Epoch': epochs,
    'Correlation_Coefficient': correlation_coefficients,
    'P_Value': p_values,  # Include the p-values
    'Test_Loss': avg_test_losses,
    'MAE': mae_values,
    'RMSE': rmse_values,
    'R2_Score': r2_values
})

# Write the DataFrame to a CSV file
metrics_path = f'/mnt/data/macaulay/datas/genepedia/A_seen_genewise_correlation_metrics_summary_crispr_{target_epochs[0]}.csv'
metrics_df.to_csv(metrics_path, index=False)
print(f'Metrics saved to {metrics_path}')

























import torch
import torch.nn.functional as F
from torch import nn
from torch.utils.data import DataLoader, TensorDataset
import pandas as pd
import os
import warnings
warnings.simplefilter(action='ignore', category=pd.errors.SettingWithCopyWarning)
from functions import FullConnectedBlock, NeuralNetwork
import matplotlib.pyplot as plt
from scipy.stats import pearsonr
from sklearn.metrics import mean_absolute_error, mean_squared_error, r2_score
pd.options.mode.chained_assignment = None
import numpy as np




def initialize_environment(data1_path, data2_path, df_Y_path, learning_rate):
    device = torch.device(""cuda"" if torch.cuda.is_available() else ""cpu"")
    print('Device:', device)
    print(f'Number of available GPUs: {torch.cuda.device_count()}')

    data1 = pd.read_csv(data1_path)
    data2 = pd.read_csv(data2_path)
    df_Y = pd.read_csv(df_Y_path)
    print('Training data loaded successfully')

    loss_fn = nn.MSELoss()
    input_dim = data1.shape[1] + data2.shape[1] - 1
    model = NeuralNetwork(input_dim)
    model = model.to(device)
    optimizer = torch.optim.SGD(model.parameters(), lr=learning_rate)

    if torch.cuda.device_count() >= 4:
        print(""Using 4 GPUs!"")
        model = nn.DataParallel(model, device_ids=list(range(4)))
    print('Model initialized successfully')
    
    
    return device, data1, data2, df_Y, model, optimizer, loss_fn

def cartesian_product(data1, data2):
    data1['key'] = 1
    data2['key'] = 1
    combined_data = pd.merge(data1, data2, on='key').drop(columns=['key'])
    print(len(combined_data))
    
    return combined_data

def cartesian_product_generator(data1, data2, df_Y, batch_size1):
    for i in range(0, len(data1), batch_size1):
        start_idx = i * len(data2)
        end_idx = (i + batch_size1) * len(data2)
        batch_data1 = data1.iloc[i:i + batch_size1]
        
        batch_X = cartesian_product(batch_data1, data2)
        batch_Y = df_Y.iloc[start_idx:end_idx]
        yield batch_X, batch_Y

def load_model(model, epoch, model_save_path):
    model_path = os.path.join(model_save_path, f'crispr_fc1_model_state_epoch_{epoch-1}.pth')
    if os.path.exists(model_path):
        model.load_state_dict(torch.load(model_path))
        print(f'Model {epoch - 1} loaded successfully for epoch {epoch}')
    else:
        print('No saved model found. Training from scratch.')
    return model


def load_test_data(data1_test_path_A, data2_test_path_A, df_Y_test_path_A,
                    data1_test_path_B, data2_test_path_B, df_Y_test_path_B,
                      data1_test_path_C, data2_test_path_C, df_Y_test_path_C):
    
    data1_test_A = pd.read_csv(data1_test_path_A)
    data2_test_A = pd.read_csv(data2_test_path_A)
    df_Y_test_A = pd.read_csv(df_Y_test_path_A)
    data1_test_B = pd.read_csv(data1_test_path_B)
    data2_test_B = pd.read_csv(data2_test_path_B)
    df_Y_test_B = pd.read_csv(df_Y_test_path_B)
    data1_test_C = pd.read_csv(data1_test_path_C)
    data2_test_C = pd.read_csv(data2_test_path_C)
    df_Y_test_C = pd.read_csv(df_Y_test_path_C)
    print('Test data loaded successfully')
    return data1_test_A, data2_test_A, df_Y_test_A, data1_test_B, data2_test_B, df_Y_test_B, data1_test_C, data2_test_C, df_Y_test_C


# Evaluation Function
def evaluate_model_on_test_data(model, data1_test, data2_test, df_Y_test, epoch, loss_fn, device, test_batch_size=128):
    model.eval()
    avg_test_losses = []
    mae_values = []
    rmse_values = []
    r2_values = []
    correlation_coefficients = []
    p_values = []
    gene_batches = 1
    for batch_X, batch_Y in cartesian_product_generator(data1_test, data2_test, df_Y_test, gene_batches):
        X_test = torch.tensor(batch_X.values, dtype=torch.float32).to(device)
        Y_test = torch.tensor(batch_Y.values.reshape(-1, 1), dtype=torch.float32).to(device)
        test_data = TensorDataset(X_test, Y_test)
        test_dataloader = DataLoader(test_data, batch_size=test_batch_size, shuffle=True)

        test_loss = 0.0
        actual_outputs = []
        predicted_outputs = []
        with torch.no_grad():
            for inputs, targets in test_dataloader:
                inputs = inputs.to(device)
                targets = targets.to(device)
                outputs = model(inputs)
                loss = loss_fn(outputs, targets)
                test_loss += loss.item()
                actual_outputs.extend(targets.cpu().numpy().flatten().tolist())
                predicted_outputs.extend(outputs.cpu().numpy().flatten().tolist())

        avg_test_loss = test_loss / len(test_dataloader)
        avg_test_losses.append(avg_test_loss)
        correlation_coefficient, p_value = pearsonr(actual_outputs, predicted_outputs)
        correlation_coefficients.append(correlation_coefficient)
        p_values.append(p_value)
        mae = mean_absolute_error(actual_outputs, predicted_outputs)
        rmse = np.sqrt(mean_squared_error(actual_outputs, predicted_outputs))
        r2 = r2_score(actual_outputs, predicted_outputs)
        mae_values.append(mae)
        rmse_values.append(rmse)
        r2_values.append(r2)

    epochs = []
    for minor in range(1, len(data1_test) + 1):
        epoched = f'{epoch}.{minor:02}'  
        epochs.append(float(epoched))

    metrics_df = pd.DataFrame({
        'Epoch': epochs,
        'Correlation_Coefficient': correlation_coefficients,
        'P_Value': p_values,
        'Test_Loss': avg_test_losses,
        'MAE': mae_values,
        'RMSE': rmse_values,
        'R2_Score': r2_values
    })
    return metrics_df



# Main Training Loop
def main_training_loop(data1_path, data2_path, df_Y_path, 
                               data1_test_path_A, data2_test_path_A, df_Y_test_path_A, 
                               data1_test_path_B, data2_test_path_B, df_Y_test_path_B,
                               data1_test_path_C, data2_test_path_C, df_Y_test_path_C,
                               batch_size1, learning_rate, num_epochs, model_save_path, test_batch_size=128):
    
# Evaluate the model on test data after each epoch

    data1_test_A, data2_test_A, df_Y_test_A, data1_test_B, data2_test_B, df_Y_test_B, data1_test_C, data2_test_C, df_Y_test_C = load_test_data(data1_test_path_A, data2_test_path_A, df_Y_test_path_A,
                                                                                                                                                data1_test_path_B, data2_test_path_B, df_Y_test_path_B,
                                                                                                                                                  data1_test_path_C, data2_test_path_C, df_Y_test_path_C)
    target_epochs = [2]

    
    for epoch in target_epochs:


        metrics_df_A = evaluate_model_on_test_data(model, data1_test_A, data2_test_A, df_Y_test_A, epoch, loss_fn, device, test_batch_size)
        metrics_path_A = os.path.join(model_save_path, f""A_metrics_epoch_{epoch}.csv"")
        metrics_df_A.to_csv(metrics_path_A, index=False)
        print(f'Metrics for epoch {epoch} saved to {metrics_path_A}')

        metrics_df_B = evaluate_model_on_test_data(model, data1_test_B, data2_test_B, df_Y_test_B, epoch, loss_fn, device, test_batch_size)
        metrics_path_B = os.path.join(model_save_path, f""B_metrics_epoch_{epoch}.csv"")
        metrics_df_B.to_csv(metrics_path_B, index=False)
        print(f'Metrics for epoch {epoch} saved to {metrics_path_B}')

        metrics_df_C = evaluate_model_on_test_data(model, data1_test_C, data2_test_C, df_Y_test_C, epoch, loss_fn, device, test_batch_size)
        metrics_path_C = os.path.join(model_save_path, f""C_metrics_epoch_{epoch}.csv"")
        metrics_df_C.to_csv(metrics_path_C, index=False)
        print(f'Metrics for epoch {epoch} saved to {metrics_path_C}')







main_training_loop(data1_path=""/mnt/data/macaulay/datas/training_gene_embeddings.csv"",
                   data2_path=""/mnt/data/macaulay/datas/training_omicExpression_Embeddings.csv"",
                   df_Y_path='/mnt/data/macaulay/datas/training_crispr.csv',
                   data1_test_path_A=""/mnt/data/macaulay/datas/training_gene_embeddings.csv"",
                   data2_test_path_A=""/mnt/data/macaulay/datas/test_omicExpression_Embeddings.csv"",
                   df_Y_test_path_A='/mnt/data/macaulay/datas/A_test_gene__Y_crispr.csv',
                   data1_test_path_B=""/mnt/data/macaulay/datas/test_gene_embeddings.csv"",
                   data2_test_path_B=""/mnt/data/macaulay/datas/training_omicExpression_Embeddings.csv"",
                   df_Y_test_path_B='/mnt/data/macaulay/datas/B_test_gene__Y_crispr.csv',
                   data1_test_path_C=""/mnt/data/macaulay/datas/test_gene_embeddings.csv"",
                   data2_test_path_C=""/mnt/data/macaulay/datas/test_omicExpression_Embeddings.csv"",
                   df_Y_test_path_C='/mnt/data/macaulay/datas/C_test_gene__Y_crispr.csv',
                   batch_size1=500,learning_rate=0.001,num_epochs=10,
                   model_save_path='/mnt/data/macaulay/datas/genepedia/',test_batch_size=128)

   
"
"generagit/DL_Codes","8.py",""""""" Evaluating DNN on CIFAR-10 Using Batch Size Variation
● Load CIFAR-10 dataset
● Use a feed-forward network with BatchNormalization
● Train with batch sizes 32 and 64, keeping other parameters constant
● Use Adam optimizer and train for 10 epochs
● Compare accuracy and plot graphs """"""

import tensorflow as tf
from tensorflow.keras.models import Sequential
from tensorflow.keras.layers import Flatten, Dense, BatchNormalization
from tensorflow.keras.optimizers import Adam
import matplotlib.pyplot as plt

# Load CIFAR-10 data
(x_train, y_train), (x_test, y_test) = tf.keras.datasets.cifar10.load_data()

# Normalize images
x_train, x_test = x_train / 255.0, x_test / 255.0

# Flatten y labels
y_train = y_train.flatten()
y_test = y_test.flatten()

# Function to create model with BatchNorm
def create_model():
    model = Sequential([
        Flatten(input_shape=(32, 32, 3)),
        BatchNormalization(),
        Dense(256, activation='relu'),
        BatchNormalization(),
        Dense(128, activation='relu'),
        BatchNormalization(),
        Dense(10, activation='softmax')
    ])
    return model

# Function to train model with given batch size
def train_model(batch_size):
    model = create_model()
    model.compile(
        optimizer=Adam(),
        loss='sparse_categorical_crossentropy',
        metrics=['accuracy']
    )
    history = model.fit(
        x_train, y_train,
        validation_data=(x_test, y_test),
        epochs=10,
        batch_size=batch_size,
        verbose=0
    )
    return history

# Train with batch size 32
history_32 = train_model(32)

# Train with batch size 64
history_64 = train_model(64)

# Plot accuracy comparison
plt.plot(history_32.history['accuracy'], label='Batch Size 32 Train Acc')
plt.plot(history_32.history['val_accuracy'], label='Batch Size 32 Val Acc')
plt.plot(history_64.history['accuracy'], label='Batch Size 64 Train Acc')
plt.plot(history_64.history['val_accuracy'], label='Batch Size 64 Val Acc')
plt.xlabel('Epochs')
plt.ylabel('Accuracy')
plt.title('Training and Validation Accuracy Comparison')
plt.legend()
plt.grid(True)
plt.show()
"
"spidy1080/Big-Data","4/dsbdapr4.py","import pandas as pd 
import numpy as np
import matplotlib.pyplot as plt

data=pd.read_csv(r'E:\DSBDA\DSBDA Datasets\housing.csv')
print(data)

x=np.array([95,85,80,70,60])
y=np.array([85,95,70,65,70])
model=np.polyfit(x,y,1)
model
predict=np.poly1d(model)
predict(65)
y_pred=predict(x)
y_pred

from sklearn.metrics import r2_score
r2_score(y,y_pred)

y_line=model[1]+model[0]*x
plt.plot(x,y_line,c='r')
plt.scatter(x,y_pred)
plt.scatter(x, y,c='r')

from sklearn.datasets import fetch_california_housing
housing=fetch_california_housing()
data=pd.DataFrame(housing.data)
data.columns=housing.feature_names
data.head()
data['PRICE']=housing.target
data.isnull().sum()
x=data.drop(['PRICE'],axis=1)
y=data['PRICE']

from sklearn.model_selection import train_test_split
xtrain,xtest,ytrain,ytest=train_test_split(x,y,test_size=0.2,random_state=0)

from sklearn.linear_model import LinearRegression
lm=LinearRegression()
model=lm.fit(xtrain, ytrain)

ytrain_pred=lm.predict(xtrain)
ytest_pred=lm.predict(xtest)

df=pd.DataFrame(ytrain_pred,ytrain)
df=pd.DataFrame(ytest_pred,ytest)

from sklearn.metrics import mean_squared_error,r2_score
mse=mean_squared_error(ytest, ytest_pred)
print(mse)
mse=mean_squared_error(ytrain_pred,ytrain)
print(mse)
mse=mean_squared_error(ytest,ytest_pred)
print(mse)

plt.scatter(ytrain,ytrain_pred,c='blue',marker='o',label='Training data')
plt.scatter(ytest,ytest_pred,c='lightgreen',marker='s',label='Test data')
plt.xlabel('True values')
plt.ylabel('Predicted')
plt.title('True value vs Predicted value')
plt.legend(loc='upper left')
#plt.hlines(y=0,xmin=0,xmax=50)
plt.plot()
plt.show()
"
"keras-team/keras-io","examples/vision/image_classification_from_scratch.py","""""""
Title: Image classification from scratch
Author: [fchollet](https://twitter.com/fchollet)
Date created: 2020/04/27
Last modified: 2023/11/09
Description: Training an image classifier from scratch on the Kaggle Cats vs Dogs dataset.
Accelerator: GPU
""""""

""""""
## Introduction

This example shows how to do image classification from scratch, starting from JPEG
image files on disk, without leveraging pre-trained weights or a pre-made Keras
Application model. We demonstrate the workflow on the Kaggle Cats vs Dogs binary
classification dataset.

We use the `image_dataset_from_directory` utility to generate the datasets, and
we use Keras image preprocessing layers for image standardization and data augmentation.
""""""

""""""
## Setup
""""""

import os
import numpy as np
import keras
from keras import layers
from tensorflow import data as tf_data
import matplotlib.pyplot as plt

""""""
## Load the data: the Cats vs Dogs dataset

### Raw data download

First, let's download the 786M ZIP archive of the raw data:
""""""

""""""shell
curl -O https://download.microsoft.com/download/3/E/1/3E1C3F21-ECDB-4869-8368-6DEBA77B919F/kagglecatsanddogs_5340.zip
""""""

""""""shell
unzip -q kagglecatsanddogs_5340.zip
ls
""""""

""""""
Now we have a `PetImages` folder which contain two subfolders, `Cat` and `Dog`. Each
subfolder contains image files for each category.
""""""

""""""shell
ls PetImages
""""""

""""""
### Filter out corrupted images

When working with lots of real-world image data, corrupted images are a common
occurence. Let's filter out badly-encoded images that do not feature the string ""JFIF""
in their header.
""""""

num_skipped = 0
for folder_name in (""Cat"", ""Dog""):
    folder_path = os.path.join(""PetImages"", folder_name)
    for fname in os.listdir(folder_path):
        fpath = os.path.join(folder_path, fname)
        try:
            fobj = open(fpath, ""rb"")
            is_jfif = b""JFIF"" in fobj.peek(10)
        finally:
            fobj.close()

        if not is_jfif:
            num_skipped += 1
            # Delete corrupted image
            os.remove(fpath)

print(f""Deleted {num_skipped} images."")

""""""
## Generate a `Dataset`
""""""

image_size = (180, 180)
batch_size = 128

train_ds, val_ds = keras.utils.image_dataset_from_directory(
    ""PetImages"",
    validation_split=0.2,
    subset=""both"",
    seed=1337,
    image_size=image_size,
    batch_size=batch_size,
)

""""""
## Visualize the data

Here are the first 9 images in the training dataset.
""""""


plt.figure(figsize=(10, 10))
for images, labels in train_ds.take(1):
    for i in range(9):
        ax = plt.subplot(3, 3, i + 1)
        plt.imshow(np.array(images[i]).astype(""uint8""))
        plt.title(int(labels[i]))
        plt.axis(""off"")

""""""
## Using image data augmentation

When you don't have a large image dataset, it's a good practice to artificially
introduce sample diversity by applying random yet realistic transformations to the
training images, such as random horizontal flipping or small random rotations. This
helps expose the model to different aspects of the training data while slowing down
overfitting.
""""""

data_augmentation_layers = [
    layers.RandomFlip(""horizontal""),
    layers.RandomRotation(0.1),
]


def data_augmentation(images):
    for layer in data_augmentation_layers:
        images = layer(images)
    return images


""""""
Let's visualize what the augmented samples look like, by applying `data_augmentation`
repeatedly to the first few images in the dataset:
""""""

plt.figure(figsize=(10, 10))
for images, _ in train_ds.take(1):
    for i in range(9):
        augmented_images = data_augmentation(images)
        ax = plt.subplot(3, 3, i + 1)
        plt.imshow(np.array(augmented_images[0]).astype(""uint8""))
        plt.axis(""off"")


""""""
## Standardizing the data

Our image are already in a standard size (180x180), as they are being yielded as
contiguous `float32` batches by our dataset. However, their RGB channel values are in
the `[0, 255]` range. This is not ideal for a neural network;
in general you should seek to make your input values small. Here, we will
standardize values to be in the `[0, 1]` by using a `Rescaling` layer at the start of
our model.
""""""

""""""
## Two options to preprocess the data

There are two ways you could be using the `data_augmentation` preprocessor:

**Option 1: Make it part of the model**, like this:

```python
inputs = keras.Input(shape=input_shape)
x = data_augmentation(inputs)
x = layers.Rescaling(1./255)(x)
...  # Rest of the model
```

With this option, your data augmentation will happen *on device*, synchronously
with the rest of the model execution, meaning that it will benefit from GPU
acceleration.

Note that data augmentation is inactive at test time, so the input samples will only be
augmented during `fit()`, not when calling `evaluate()` or `predict()`.

If you're training on GPU, this may be a good option.

**Option 2: apply it to the dataset**, so as to obtain a dataset that yields batches of
augmented images, like this:

```python
augmented_train_ds = train_ds.map(
    lambda x, y: (data_augmentation(x, training=True), y))
```

With this option, your data augmentation will happen **on CPU**, asynchronously, and will
be buffered before going into the model.

If you're training on CPU, this is the better option, since it makes data augmentation
asynchronous and non-blocking.

In our case, we'll go with the second option. If you're not sure
which one to pick, this second option (asynchronous preprocessing) is always a solid choice.
""""""

""""""
## Configure the dataset for performance

Let's apply data augmentation to our training dataset,
and let's make sure to use buffered prefetching so we can yield data from disk without
having I/O becoming blocking:
""""""

# Apply `data_augmentation` to the training images.
train_ds = train_ds.map(
    lambda img, label: (data_augmentation(img), label),
    num_parallel_calls=tf_data.AUTOTUNE,
)
# Prefetching samples in GPU memory helps maximize GPU utilization.
train_ds = train_ds.prefetch(tf_data.AUTOTUNE)
val_ds = val_ds.prefetch(tf_data.AUTOTUNE)

""""""
## Build a model

We'll build a small version of the Xception network. We haven't particularly tried to
optimize the architecture; if you want to do a systematic search for the best model
configuration, consider using
[KerasTuner](https://github.com/keras-team/keras-tuner).

Note that:

- We start the model with the `data_augmentation` preprocessor, followed by a
 `Rescaling` layer.
- We include a `Dropout` layer before the final classification layer.
""""""


def make_model(input_shape, num_classes):
    inputs = keras.Input(shape=input_shape)

    # Entry block
    x = layers.Rescaling(1.0 / 255)(inputs)
    x = layers.Conv2D(128, 3, strides=2, padding=""same"")(x)
    x = layers.BatchNormalization()(x)
    x = layers.Activation(""relu"")(x)

    previous_block_activation = x  # Set aside residual

    for size in [256, 512, 728]:
        x = layers.Activation(""relu"")(x)
        x = layers.SeparableConv2D(size, 3, padding=""same"")(x)
        x = layers.BatchNormalization()(x)

        x = layers.Activation(""relu"")(x)
        x = layers.SeparableConv2D(size, 3, padding=""same"")(x)
        x = layers.BatchNormalization()(x)

        x = layers.MaxPooling2D(3, strides=2, padding=""same"")(x)

        # Project residual
        residual = layers.Conv2D(size, 1, strides=2, padding=""same"")(
            previous_block_activation
        )
        x = layers.add([x, residual])  # Add back residual
        previous_block_activation = x  # Set aside next residual

    x = layers.SeparableConv2D(1024, 3, padding=""same"")(x)
    x = layers.BatchNormalization()(x)
    x = layers.Activation(""relu"")(x)

    x = layers.GlobalAveragePooling2D()(x)
    if num_classes == 2:
        units = 1
    else:
        units = num_classes

    x = layers.Dropout(0.25)(x)
    # We specify activation=None so as to return logits
    outputs = layers.Dense(units, activation=None)(x)
    return keras.Model(inputs, outputs)


model = make_model(input_shape=image_size + (3,), num_classes=2)
keras.utils.plot_model(model, show_shapes=True)

""""""
## Train the model
""""""

epochs = 25

callbacks = [
    keras.callbacks.ModelCheckpoint(""save_at_{epoch}.keras""),
]
model.compile(
    optimizer=keras.optimizers.Adam(3e-4),
    loss=keras.losses.BinaryCrossentropy(from_logits=True),
    metrics=[keras.metrics.BinaryAccuracy(name=""acc"")],
)
model.fit(
    train_ds,
    epochs=epochs,
    callbacks=callbacks,
    validation_data=val_ds,
)

""""""
We get to >90% validation accuracy after training for 25 epochs on the full dataset
(in practice, you can train for 50+ epochs before validation performance starts degrading).
""""""

""""""
## Run inference on new data

Note that data augmentation and dropout are inactive at inference time.
""""""

img = keras.utils.load_img(""PetImages/Cat/6779.jpg"", target_size=image_size)
plt.imshow(img)

img_array = keras.utils.img_to_array(img)
img_array = keras.ops.expand_dims(img_array, 0)  # Create batch axis

predictions = model.predict(img_array)
score = float(keras.ops.sigmoid(predictions[0][0]))
print(f""This image is {100 * (1 - score):.2f}% cat and {100 * score:.2f}% dog."")
"
"mc6666/MyNeuralNetwork","0.py","# 導入函式庫
import numpy as np  
from keras.models import Sequential
from keras.datasets import mnist
from keras.layers import Dense, Dropout, Activation, Flatten
from keras.utils import np_utils  # 用來後續將 label 標籤轉為 one-hot-encoding  
from matplotlib import pyplot as plt

# 載入 MNIST 資料庫的訓練資料，並自動分為『訓練組』及『測試組』
(X_train, y_train), (X_test, y_test) = mnist.load_data()


# 建立簡單的線性執行的模型
model = Sequential()
# Add Input layer, 隱藏層(hidden layer) 有 256個輸出變數
model.add(Dense(units=256, input_dim=784, kernel_initializer='normal', activation='relu')) 
# Add output layer
model.add(Dense(units=10, kernel_initializer='normal', activation='softmax'))

# 編譯: 選擇損失函數、優化方法及成效衡量方式
model.compile(loss='categorical_crossentropy', optimizer='adam', metrics=['accuracy']) 

# 將 training 的 label 進行 one-hot encoding，例如數字 7 經過 One-hot encoding 轉換後是 0000001000，即第7個值為 1
y_TrainOneHot = np_utils.to_categorical(y_train) 
y_TestOneHot = np_utils.to_categorical(y_test) 

# 將 training 的 input 資料轉為2維
X_train_2D = X_train.reshape(60000, 28*28).astype('float32')  
X_test_2D = X_test.reshape(10000, 28*28).astype('float32')  

x_Train_norm = X_train_2D/255
x_Test_norm = X_test_2D/255

# 進行訓練, 訓練過程會存在 train_history 變數中
train_history = model.fit(x=x_Train_norm, y=y_TrainOneHot, validation_split=0.2, epochs=10, batch_size=800, verbose=2)  

# 顯示訓練成果(分數)
scores = model.evaluate(x_Test_norm, y_TestOneHot)  
print()  
print(""\t[Info] Accuracy of testing data = {:2.1f}%"".format(scores[1]*100.0))  

# 預測(prediction)
X = x_Test_norm[0:10,:]
predictions = model.predict_classes(X)
# get prediction result
print(predictions)

# 模型結構存檔
from keras.models import model_from_json
json_string = model.to_json()
with open(""model.config"", ""w"") as text_file:
    text_file.write(json_string)

    
# 模型訓練結果存檔
model.save_weights(""model.weight"")

"
"hbb1/torch-splatting","train.py","import torch
import numpy as np
import gaussian_splatting.utils as utils
from gaussian_splatting.trainer import Trainer
import gaussian_splatting.utils.loss_utils as loss_utils
from gaussian_splatting.utils.data_utils import read_all
from gaussian_splatting.utils.camera_utils import to_viewpoint_camera
from gaussian_splatting.utils.point_utils import get_point_clouds
from gaussian_splatting.gauss_model import GaussModel
from gaussian_splatting.gauss_render import GaussRenderer

import contextlib

from torch.profiler import profile, ProfilerActivity

USE_GPU_PYTORCH = True
USE_PROFILE = False

class GSSTrainer(Trainer):
    def __init__(self, **kwargs):
        super().__init__(**kwargs)
        self.data = kwargs.get('data')
        self.gaussRender = GaussRenderer(**kwargs.get('render_kwargs', {}))
        self.lambda_dssim = 0.2
        self.lambda_depth = 0.0
    
    def on_train_step(self):
        ind = np.random.choice(len(self.data['camera']))
        camera = self.data['camera'][ind]
        rgb = self.data['rgb'][ind]
        depth = self.data['depth'][ind]
        mask = (self.data['alpha'][ind] > 0.5)
        if USE_GPU_PYTORCH:
            camera = to_viewpoint_camera(camera)

        if USE_PROFILE:
            prof = profile(activities=[ProfilerActivity.CUDA], with_stack=True)
        else:
            prof = contextlib.nullcontext()

        with prof:
            out = self.gaussRender(pc=self.model, camera=camera)

        if USE_PROFILE:
            print(prof.key_averages(group_by_stack_n=True).table(sort_by='self_cuda_time_total', row_limit=20))


        l1_loss = loss_utils.l1_loss(out['render'], rgb)
        depth_loss = loss_utils.l1_loss(out['depth'][..., 0][mask], depth[mask])
        ssim_loss = 1.0-loss_utils.ssim(out['render'], rgb)

        total_loss = (1-self.lambda_dssim) * l1_loss + self.lambda_dssim * ssim_loss + depth_loss * self.lambda_depth
        psnr = utils.img2psnr(out['render'], rgb)
        log_dict = {'total': total_loss,'l1':l1_loss, 'ssim': ssim_loss, 'depth': depth_loss, 'psnr': psnr}

        return total_loss, log_dict

    def on_evaluate_step(self, **kwargs):
        import matplotlib.pyplot as plt
        ind = np.random.choice(len(self.data['camera']))
        camera = self.data['camera'][ind]
        if USE_GPU_PYTORCH:
            camera = to_viewpoint_camera(camera)

        rgb = self.data['rgb'][ind].detach().cpu().numpy()
        out = self.gaussRender(pc=self.model, camera=camera)
        rgb_pd = out['render'].detach().cpu().numpy()
        depth_pd = out['depth'].detach().cpu().numpy()[..., 0]
        depth = self.data['depth'][ind].detach().cpu().numpy()
        depth = np.concatenate([depth, depth_pd], axis=1)
        depth = (1 - depth / depth.max())
        depth = plt.get_cmap('jet')(depth)[..., :3]
        image = np.concatenate([rgb, rgb_pd], axis=1)
        image = np.concatenate([image, depth], axis=0)
        utils.imwrite(str(self.results_folder / f'image-{self.step}.png'), image)


if __name__ == ""__main__"":
    device = 'cuda'
    folder = './B075X65R3X'
    data = read_all(folder, resize_factor=0.5)
    data = {k: v.to(device) for k, v in data.items()}
    data['depth_range'] = torch.Tensor([[1,3]]*len(data['rgb'])).to(device)


    points = get_point_clouds(data['camera'], data['depth'], data['alpha'], data['rgb'])
    raw_points = points.random_sample(2**14)
    # raw_points.write_ply(open('points.ply', 'wb'))

    gaussModel = GaussModel(sh_degree=4, debug=False)
    gaussModel.create_from_pcd(pcd=raw_points)
    
    render_kwargs = {
        'white_bkgd': True,
    }

    trainer = GSSTrainer(model=gaussModel, 
        data=data,
        train_batch_size=1, 
        train_num_steps=25000,
        i_image =100,
        train_lr=1e-3, 
        amp=False,
        fp16=False,
        results_folder='result/test',
        render_kwargs=render_kwargs,
    )

    trainer.on_evaluate_step()
    trainer.train()"
"BogiHsu/Moire-Pattern-Simulator","A.py","import matplotlib.pyplot as plt
from matplotlib.lines import Line2D
import numpy as np
import math

window_length = 8
def line(angle, plt):
	wave_length = 0.5
	x_distance_mm = wave_length/math.cos(angle*math.pi/180)
	per_cm_x_mm = 10/x_distance_mm
	wave_length = x_distance_mm*math.cos(angle*math.pi/180)
	delta_y = wave_length/2/math.sin(angle*math.pi/180)
	wave_num = int(window_length*10/x_distance_mm)
	line_length = 10

	k = math.sin(angle*math.pi/180)*line_length/2
	for i in range(wave_num):
		line1 = [(i/per_cm_x_mm -k, window_length/2-line_length/2), (i/per_cm_x_mm+k, window_length/2+line_length/2)]
		(line1_xs, line1_ys) = zip(*line1)
		plt.plot(line1_xs, line1_ys, 'k-', linewidth=1)

	for i in range(wave_num):
		line1 = [(i/per_cm_x_mm+k, window_length/2-line_length/2), (i/per_cm_x_mm-k, window_length/2+line_length/2)]
		(line1_xs, line1_ys) = zip(*line1)
		plt.plot(line1_xs, line1_ys, 'k-', linewidth=1)

	return wave_length, delta_y
	

plt.figure(figsize=(6, 6))
plt.ion()

step = 44
index = -1*step
while True:
	angle = step-abs(index)+1
	plt.cla()
	plt.title('A')
	plt.grid(True)

	plt.xlabel('X')
	plt.xlim(0, window_length)
	plt.xticks([])
	plt.ylabel('Y')
	plt.ylim(0, window_length)
	plt.yticks([])

	wave_length, delta_y = line(angle, plt)
	print('angle:%02d,'%angle, 'lambda:%4.1f,'%wave_length, 'delta y:%6.3f'%delta_y)

	plt.pause(1e-20)
	index = -1*step if index >= step-1 else index+2

plt.ioff()
plt.show()
"
"cloudcjf/CCL","datasets/memory.py","import random 
import pickle 
import itertools 
import numpy as np 
# import matplotlib.pyplot as plt 
from torchpack.utils.config import configs
import copy 

class Memory:
    def __init__(self):
        self.K = configs.train.memory.num_pairs # 256
        self.train_tuples = []
        self.tuple_env_idx = [] # Records env tuples were stored from 

    def __len__(self):
        return len(self.train_tuples)

    def get_tuples(self, new_dataset_len = 0):
        tuples = copy.deepcopy(list(itertools.chain.from_iterable(self.train_tuples)))

    
        # Adjust id, positives, non_negatives to match dataset we'll be appending to 
        for t in tuples:
            t.id = t.id + new_dataset_len
            t.positives = t.positives + new_dataset_len
            t.non_negatives = t.non_negatives + new_dataset_len

        tuples_dict = {t.id: t for t in tuples}

        return tuples_dict

    def adjust_positive_non_negative_idx(self, env_replaced_idx):
        # Get the tuples from a new environment
        '''
            self.train_tuples: save anchor and positive tuples in a list
            env_tuples: seperately save anchor and positive tuples
            len(env_tuples) = len(self.train_tuples)
        '''
        env_tuples = list(itertools.chain.from_iterable([self.train_tuples[i] for i in env_replaced_idx]))
        # Get dict connecting id in old dataset to id in memory bank
        # old_idx: id idxs
        # new_idx: a list from 0 to 511
        old_idx = [t.id for t in env_tuples]
        new_idx = list(itertools.chain.from_iterable([2*x, 2*x + 1] for x in env_replaced_idx))
        assert(len(old_idx) == len(new_idx))
        # construct a dict to correspond ids with idxs
        old_to_new_id = {o:n for o,n in zip(old_idx, new_idx)}

        # Replace all the positives and non_negatives with new idx
        for idx, t in enumerate(env_tuples):
            positives = t.positives 
            non_negatives = t.non_negatives

            new_id = old_to_new_id[t.id]
            new_positives = [old_to_new_id[p] for p in positives if p in old_to_new_id.keys()]
            new_non_negatives = [old_to_new_id[p] for p in non_negatives if p in old_to_new_id.keys()]

            t.id = new_id
            t.positives = np.sort(new_positives)
            t.non_negatives = np.sort(new_non_negatives)

            env_tuples[idx] = t



        env_tuples_paired = [[env_tuples[x], env_tuples[x+1]] for x in list(range(len(env_tuples)))[::2]]
        assert len(env_replaced_idx) == len(env_tuples_paired)
        for pair, replace_idx in zip(env_tuples_paired, env_replaced_idx):
            self.train_tuples[replace_idx] = pair 


    def update_memory(self, new_pickle, env_idx):
        
        # Load new tuples
        new_tuples = pickle.load(open(new_pickle, 'rb'))
        new_tuples_idx = list(range(len(new_tuples)))
        random.shuffle(new_tuples_idx) # Randomly shuffle the order of new tuples for selection
        num_to_replace = self.K // (env_idx + 1)
        num_replaced = 0
        selected_idx = [] # List of already selected positives; prevent double dipping!
        env_replaced_idx = [] # List of replaced idx in the memory
        # Replace tuples 
        while(num_replaced < num_to_replace):
            # Get new tuple pair to append to list 
            anchor_idx = new_tuples_idx.pop(0)
            if anchor_idx in selected_idx: # Skip if already been selected
                continue
            anchor_tuple = new_tuples[anchor_idx]
            # positive_idxs of anchor_idx
            pair_idx_possibilities = [x for x in anchor_tuple.positives if x not in selected_idx]

            # Check a valid positive pair is possible 
            if len(pair_idx_possibilities) == 0:
                continue 

            pair_idx = random.choice(pair_idx_possibilities)
            pair_tuple = new_tuples[pair_idx]

            selected_idx += [anchor_idx, pair_idx] # Prevent these being picked again

            # Get replace idx 
            if len(self.train_tuples) < self.K: # Just fill up if less than K pairs in memory
                self.train_tuples.append([anchor_tuple, pair_tuple])
                self.tuple_env_idx.append(env_idx)
                env_replaced_idx.append(len(self.train_tuples) - 1)
            else: # Find and replace most represented environment
                x = self.tuple_env_idx[self.tuple_env_idx != env_idx]
                unique, counts = np.unique(x, return_counts = True)
                replace_env = np.argmax(counts)
                replace_idx = np.random.choice(np.nonzero(self.tuple_env_idx == replace_env)[0])
                env_replaced_idx.append(replace_idx)
                self.train_tuples[replace_idx] = [anchor_tuple, pair_tuple]
                self.tuple_env_idx[replace_idx] = env_idx 

            num_replaced += 1 
            if len(new_tuples_idx) == 0:
                print(f'Warning: Ran out of examples when adding memory for pickle file {new_pickle} at environment # {env_idx}')
                break 

        self.adjust_positive_non_negative_idx(env_replaced_idx)
"
"glangsto/analyze","z.py","##Python Script to find az and el offsets based on galactic plan zero latitude crossings
#import matplotlib.pyplot as plt
#plot the raw data from the observation
#HISTORY
#16Oct10 GIL simplify
#16Aug03 GIL improve iterated search
#16Aug02 GIL test for finding az,el offsets
#16Oct07 GIL check for changes in frequency and/or gain
#16AUG29 GIL make more efficient
#16AUG16 GIL use new radiospectrum class
#15AUG30 add option to plot range fo values
#15JUL01 GIL Initial version
#
import matplotlib.pyplot as plt
import numpy as np
import sys
import datetime
import radioastronomy
import copy
import interpolate
import Moment
import os.path

avetimesec = 3600.
dy = -1.
linelist = [1420.0, 1419.0, 1418.0]  # RFI lines in MHz
linewidth = [11, 5, 9]
firstrun = True

nargs = len(sys.argv)

linestyles = ['-','-','-', '-.','-.','-.','--','--','--','-','-','-', '-.','-.','-.','--','--','--','-','-','-', '-.','-.','-.','--','--','--','-','-','-', '-.','-.','-.','--','--','--']
colors =  ['-b','-r','-g', '-b','-r','-g','-b','-r','-g','-b','-r','-g','-b','-r','-g','-b','-r','-g','-b','-r','-g','-b','-r','-g','-b','-r','-g','-b','-r','-g','-b','-r','-g','-b','-r','-g']
nmax = len(colors)
scalefactor = 1e8

c = 299792.  # (v km/sec)
nuh1 = 1420.4056 # neutral hydrogen frequency (MHz)
thot = 285.0  # define hot and cold
#thot = 272.0  # 30 Farenheit = 272 K
tcold = 10.0
tmin = 20.0 
tmax = 999.0 # define reasoanable value limits

# prepare to remove a linear baseline
xa = 550
#xb = 1024-xa
xb = 1024-200

nplot = 0

#first argument is the averaging time in seconds

avetimesec = float(sys.argv[1])
print ""Average time: "", avetimesec, "" (seconds)""

# first read through all data and find hot load
names = sys.argv[2:]
names = sorted(names)
minvel = -200.
maxvel = 200.
minvel = -130.
maxvel = 130.

minvel = -150.
maxvel = 150.

eloffset = -.77
azoffset = -34.04

nprint = 0

def interpolate_range( minvel, maxvel, vel, ys):
    """"""
    Interpolate arrays over a range of velocities
    minvel and maxvel are the ranges to interpolate
    input vel array of velocities 
    input ys values to interpolate
    """"""

    imin, imax = velocity_to_indicies( vel, minvel, maxvel)
        
    ya = np.median(ys[(imin-10):(imin+10)])
    yb = np.median(ys[(imax-10):(imax+10)])
    slope = (yb-ya)/(imax-imin)
    # finally interpolate over values
    for iii in range( imin, imax):
        ys[iii] = (ya + (slope*(iii-imin)))
    
    return ys

def compute_sum( minvel, maxvel, ra, dec, gallon, gallat, vel, tsky, n):
    """""" 
    compute the integral of an array over a relevant velocity range
    """"""
    global firstrun
    nvel = len(vel)
    nsky = len(tsky)
    if (nsky > nvel):
        print ""Error writing sum: Velocites > Intensity array sizes: "", nvel, nsky

    if nvel < 5:
        print 'Not enough values in arrays to compute reliable sums'

    imin, imax = velocity_to_indicies( vel, minvel, maxvel)  

    if firstrun:
        print 'Velocity range: %9.2f to %9.2f km/sec (%d,%d)' % (minvel, maxvel,imin,imax)
        firstrun = False

# first get the RMS in a region not expected to have signal
    vs = vel[imin-20:imin]
    ts = tsky[imin-20:imin]
    (ave,adev,rms,var,skew,curt) = Moment.moment(vs, ts)    

# now get the sum over the range of interest
    vs = vel[imin:imax]
    ts = tsky[imin:imax]
    (ave,adev,sdev,var,skew,curt) = Moment.moment(vs, ts)    

# now compute the intensity weighted velocity sum.
    vts = vel[imin:imax]*tsky[imin:imax]

    # compute the weighted average velocity
    (vave,vadev,vsdev,vvar,vskew,vcurt) = Moment.moment(vs, vts)    
    # normalize for average temperature
    if ave == 0: 
        print 'Average temperature is zero, can not normalize average velocity'
    else:        
        vave = vave/ave
        vsdev = vave/ave

# File = 2017-01-03.sum
# RA  DEC   T_sum  T_std   V_ave  V_std   Time  
# 54.56  -35.32    -5.587     3.039  -624.929   111.851 20:02:38
    tsum = 0
    for iii in range(imax-imin):
        tsum = tsum+ts[iii]
# take absolute value of velocity
    iref = int(nvel/2)
    vref = vel[iref]
    dv   = (vel[iref+2]-vel[iref-2])/4.
    if dv < 0.:
        dv = -dv
    tsum = tsum * dv  # scale integral by velocity resolution
    return tsum

def findhotgain( names, avetimesec):
    lastgain = 0.
    # flag start of search for a latitude zero crossing
    ncrossings = -1
    crossingsum = 0.
    lastgallat = -100.
    lastsum = 0.

    minGlat = +90.
    maxGlat = -90.
    nhot = 0         # number of obs with el < 0
    ncold = 0
    nhigh = 0        # highest galactic latitude
    lastfreq = 0.
    lastbw = 0.
    lastgain = 0.
    lastel = 0.
    lastaz = 0.
    firstrun = True

    for filename in names:

        rs = radioastronomy.Spectrum()
        rs.read_spec_ast(filename)
        rs.telel = rs.telel + eloffset
        rs.telaz = rs.telaz + azoffset
        rs.azel2radec()    # compute ra,dec from az,el

        if rs.gains[0] != lastgain:
            if lastgain != 0:
                print 'Gain Change: ', lastgain, ' -> ', rs.gains[0]
                lastgain = rs.gains[0]

        if rs.telel < 0:
            if nhot == 0:
                hot = copy.deepcopy( rs)
                nhot = 1
            else:
                hot.ydataA = hot.ydataA + rs.ydataA
                hot.count = hot.count + rs.count
                nhot = nhot + 1
        else: # else above horizon, find min, max galactic latitudes
            if rs.gallat > maxGlat:
                maxGlat = rs.gallat
            if rs.gallat < minGlat:
                minGlat = rs.gallat

    if nhot > 0:
        hot.ydataA = scalefactor * hot.ydataA / float(nhot)
        print ""Found %3d hot load obs"" % nhot
    else:
        print ""No hot load data, can not calibrate""
        exit()

    xv = hot.xdata * 1.E-6
    yv = hot.ydataA
    nData = len(xv)
    hv = interpolate.lines( linelist, linewidth, xv, yv) # interpolate rfi

    print 'Min,Max Galactic Latitudes %7.1f,%7.1f (d)' % (minGlat, maxGlat)

# assume only a limited range of galactic latitudes are available
# not range about +/-60.
    use60Range = False

# all galactic latitudes above +/-60d can be used
    if minGlat < -60. or maxGlat > 60.:
        minGlat = -60.
        maxGlat = 60.
    else: # else no high galactic latitude data
    # use highest galactic latitudes - +/-5.degrees
        if -minGlat > maxGlat:  # if negative latitudes higher
            minGlat = minGlat + 5.
            maxGlat = 90.
        else: # else positive latitudes higher
            maxGlat = maxGlat - 5.
            minGlat = -90.

    outnames = names
    nout = 0
# now average coldest data for calibration
    for filename in names:

        rs = radioastronomy.Spectrum()
        rs.read_spec_ast(filename)
        rs.telaz = rs.telaz + azoffset
        rs.telel = rs.telel + eloffset
        rs.azel2radec()    # compute ra,dec from az,el

        if rs.telel < 0:
            continue
        if rs.gallat > maxGlat or rs.gallat < minGlat:
            if nhigh == 0:
                high = copy.deepcopy( rs)
                high.ydataA = rs.ydataA
                nhigh = 1
            else:
                high.ydataA = high.ydataA + rs.ydataA
                high.count = high.count + rs.count
                nhigh = nhigh + 1
        else:
            # if here, then only these names will be used to find zero crossings
            outnames[nout] = filename
            nout = nout + 1

    if nhigh < 1.:
        print ""No high galactic latitude data: can not calibrate""
        exit()
    else:
        high.ydataA = scalefactor * high.ydataA/nhigh
        print ""Found %d High Galactic Latidue spectra"" % (nhigh)
        yv = high.ydataA
        cv = interpolate.lines( linelist, linewidth, xv, yv) # interpolate rfi

# finally compute gain on a channel by chanel basis
    gain = np.zeros(nData)
    vel = np.zeros(nData)
    for iii in range(nData):
        gain[iii] = (hv[iii] - cv[iii])/(thot - tcold)
        vel[iii] = c * (nuh1 - xv[iii])/nuh1

# now interpolate over galactic velocities
    gain = interpolate_range( minvel, maxvel, vel, gain)

    if nout > 0:
        outnames = outnames[0:(nout-1)]
    else:
        print 'No low latitude file names left!'
        exit()
    return gain, vel, outnames

def velocity_to_indicies( vel, minvel, maxvel):
    """"""
    Function to compute indices from velocity array and target velocities
    """"""

    nData = len(vel)
    iref = int(nData/2)
    
    vref = vel[iref]
    dv   = (vel[iref+2]-vel[iref-2])/4.
    imin = int(((minvel - vref)/dv) + iref)
    imax = int(((maxvel - vref)/dv) + iref) + 1

    if imax < imin: # swap indices if frequency opposit velocity
        temp = imin
        imin = imax
        imax = temp

    if imin < 0:
        print 'Imin Error computing baseline: ', imin
        imin = 0
    if imin >= nData:
        print 'Imin Error computing baseline: ', imin
        imin = nData-1

    if imax < 0:
        print 'Imax Error computing baseline: ', imax
        imax = 0
    if imax >= nData:
        print 'Imax Error computing baseline: ', imax
        imax = nData-1

# some channels will be selected using x[imin:imax] so,
# now make sure range increases
    if imin > imax:
        temp = imin
        imin = imax
        imax = temp
    return imin, imax

def fit_baseline( xs, ys, imin, imax, nchan):
    """"""
    fit baseline does a polynomical fit over channels in a select range
    The baseline is returned.
    """"""
    
    xfit = np.concatenate( (xs[imin-nchan:imin+nchan],xs[imax-nchan:imax+nchan]))
    yfit = np.concatenate( (ys[imin-nchan:imin+nchan],ys[imax-nchan:imax+nchan]))
# calculate polynomial
    z = np.polyfit(xfit, yfit, 3)
    f = np.poly1d(z)

# calculate new x's and y's
    yout = f(xs)

    return yout

def findzero( names, gain, vel, azoffset, eloffset, avetimesec):
    lastgain = 0.
    global nprint
    # flag start of search for a latitude zero crossing
    ncrossings = -1
    crossingsum = 0.
    lastgallat = -100.
    lastsum = 0.

    nData = len(vel)
    minGlat = +90.
    maxGlat = -90.
    nhot = 0         # number of obs with el < 0
    ncold = 0
    nhigh = 0        # highest galactic latitude
    lastfreq = 0.
    lastbw = 0.
    lastgain = 0.
    lastel = 0.
    lastaz = 0.
    firstrun = True

    avetime = datetime.timedelta(seconds=avetimesec)
    firstgallon = -1.
    ncrossings = 0

    nread = 0        
# now read through all data and average cold sky obs
    for filename in names:

        parts = filename.split('/')
        nparts = len(parts)
        aname = parts[nparts-1]
        parts = aname.split('.')
        aname = parts[0]
        extension = parts[1]
        parts = aname.split('T')
        date = parts[0]
        time = parts[1]
        time = time.replace('_', ':')  # put time back in normal hh:mm:ss format

# exclude hot load data for averaging
        if extension == 'hot':
            continue

        rs = radioastronomy.Spectrum()
#  print filename
        rs.read_spec_ast(filename)
        rs.telaz = rs.telaz + azoffset
        rs.telel = rs.telel + eloffset
        rs.azel2radec()    # compute ra,dec from az,el

# if a sky observation and close to galactic plane
        if rs.telel > 0. and (rs.gallat > -5.0 and rs.gallat < 5.0) :

# if first time reading data, set obs parameters
            if lastfreq == 0.:
                lastfreq = rs.centerFreqHz 
                lastbw = rs.bandwidthHz
                lastgain = rs.gains[0]
                lastaz = rs.telaz
                lastel = rs.telel
                cold = copy.deepcopy( rs)
                ncold = 0
                timesum = 0.
                firstutc = cold.utc
                lastutc = cold.utc

            newAzEl = (lastaz != rs.telaz) or (lastel != rs.telel)
            if newAzEl and nprint < 5:
                print 'Must keep az,el constant to find pointing offsets!'
                print 'Last %7.2f,%7.2f; New: %7.2f,%7.2f' % (lastaz, lastel, rs.telaz, rs.telel)
                lastaz = rs.telaz
                lastel = rs.telel
                nprint = nprint + 1
                break

            if ncold > 1:
            # time difference is between mid-points of integrations
                dt = rs.utc - cold.utc 
            # add the time since midpoint of latests
                dt = dt + datetime.timedelta(seconds=rs.durationSec)
                lastutc = rs.utc

           # if time to average (or end of all files)
                if (dt > avetime) or (filename == sys.argv[nargs-1]):
                    cold.ydataA = cold.ydataA/float(timesum)
                # have complicated steps to simple get the average time.
                    deltatime = endtime - starttime
                    aveutc,duration = radioastronomy.aveutcs( firstutc, lastutc)
                    cold.utc = aveutc
                    cold.azel2radec() # recompute coordinates for average time
                    ra = cold.ra
                    dec = cold.dec
                    gallat = cold.gallat
                    gallon = cold.gallon

                    if ncrossings < 0:
                        lastgallat = gallat
                        ncrossings = 0
                        crossingsum = 0.
                        
                    xv = cold.xdata * 1.E-6
                    yv = cold.ydataA * scalefactor
                    yv = interpolate.lines( linelist, linewidth, xv, yv) # interpolate rfi
                    xmin = min(xv)
                    xmax = max(xv)
                    count = cold.count
                    note = cold.noteA
                    #print('%s' % note)
                    ncolor = min(nmax-1, nplot) 
                
                    tsky  = np.zeros(nData)    # initialize arrays
                    for jjj in range (0, nData):
                        tsky[jjj] = yv[jjj]/gain[jjj]
                        
                    imin, imax = velocity_to_indicies( vel, minvel, maxvel)
                    
                    ymed = np.median(tsky[imin:imax])
                    ya = np.median(tsky[(imin-10):(imin+10)])
                    yb = np.median(tsky[(imax-10):(imax+10)])
                    slope = (yb-ya)/(imax-imin)
                    nFit = 20
                    baseline = fit_baseline( vel, tsky, imin, imax, nFit)
                    tsky = tsky - baseline

                    ymin = min(tsky[imin:imax])
                    ymax = max(tsky[imin:imax])
                    thesum = compute_sum( minvel, maxvel, ra, dec, gallon, gallat, vel, tsky, ncold)
                    
                # finallly if this is a latitude crossing sum.
                    if ((lastgallat < 0. and gallat > 0.) or (lastgallat > 0. and gallat < 0.)) and lastgallat > -100.:
                        if abs(gallat) < 5.:
                    # if first crossing, init sum
                            if ncrossings == 0:
                                ncrossings = 1
                                crossingsum = thesum 
#                                print 'Zero Latitude: %7.1f %7.1f: %10.0f, %10.0f' % (lastgallat, gallat, lastsum, thesum)
                            else:
                                # else average crossings
                                ncrossings = ncrossings + 1
                                crossingsum = crossingsum + thesum 
                        if abs(lastgallat) < 5.:
                            if ncrossings == 0:
                                ncrossings = 1
                                crossingsum = lastsum
#                                print 'Zero Latitude: %7.1f %7.1f: %10.0f, %10.0f' % (lastgallat, gallat, lastsum, thesum)
                            else:
                                # else average crossings
                                ncrossings = ncrossings + 1
                                crossingsum = crossingsum + lastsum 

                    lastgallat = gallat
                    lastsum = thesum
                    # computation done, start sum over gain
                    ncold = 0

# if this was a new obs; restart the sums
            if ncold == 0:
                cold = copy.deepcopy(rs)  # initial spectrum is one just read
                starttime = cold.utc
                endtime = starttime
                ncold = 1
            # sums are weighted by durations
                crossZero = False
                crossZeroLat = False
                crossZeroRa = False
                firstlon = rs.gallon # try to keep track of crossing zero in angular coordinates
                firstra = rs.ra #
                cold.ydataA = rs.ydataA * cold.durationSec
            # keep track of observing time for weighted sum
                timesum = rs.durationSec
            else: # else not enough time yet, average cold data
                # fix wrap of longitudes
                cold.count = cold.count + rs.count
                ncold = ncold + 1
                cold.ydataA = cold.ydataA + (rs.ydataA * rs.durationSec)
                cold.ra = cold.ra + (rs.ra * cold.durationSec)
                cold.dec = cold.dec + (rs.dec * cold.durationSec)
                cold.gallon = cold.gallon + (rs.gallon * rs.durationSec)
                cold.gallat = cold.gallat + (rs.gallat * rs.durationSec)
            # keep track of observing time for weighted sum
                endtime = rs.utc
                timesum = timesum + rs.durationSec
            # end if not a enough time
        # end if a cold file
    #end for all files to sum

    if ncrossings > 0:
        crossingsum = crossingsum/float(ncrossings)
    return crossingsum
# check if not data match criteria

# first read through all data and find hot load
names = sys.argv[2:]
names = sorted(names)

minazoffset = -40.
maxazoffset = 40.
mineloffset = -40.
maxeloffset = 40.
eloffsetdelta = maxeloffset-mineloffset
azoffsetdelta = maxazoffset-minazoffset
azoffsetdelta = azoffsetdelta/2.
eloffsetdelta = eloffsetdelta/2.
maxsum = 0.
maxel = 0.
maxaz = 0.
lastmaxsum = 0.
lastmaxel = 0.
lastmaxaz = 0.

gain, vel, lowlatnames = findhotgain( names, avetimesec)

print 'Number of files used for alignment: ',len(lowlatnames)

# iteratively search for maximum
for jjj in range( 7):
    print '%2d: Searching range: %7.2f,%7.2f to %7.2f,%7.2f ' % (jjj,minazoffset,mineloffset, maxazoffset,maxeloffset)

    daz = minazoffset

# for all azimuth offsets
    for naz in range( 5):
        delta = mineloffset
# for all elevation offsets
        for nel in range( 5):

            zerovalue = findzero( lowlatnames, gain, vel, daz, delta, avetimesec)
#        print 'daz, delta, zerovalue:', daz,delta, zerovalue
            sys.stdout.write('\rAt %7.2f, %7.2f: %10.0f \r' % (daz,delta, zerovalue))
            sys.stdout.flush()

# if a better alignment with the galactic plane
            if zerovalue > maxsum:
#                print lastmaxaz, lastmaxel, lastmaxsum
                if lastmaxsum > 0.:
                    maxsum = (lastmaxsum+zerovalue)/2.
                    maxel = ((lastmaxel*lastmaxsum) + (delta*zerovalue))/(lastmaxsum+zerovalue)
                    maxaz = ((lastmaxaz*lastmaxsum) + (daz*zerovalue))/(lastmaxsum+zerovalue)
                else:
                    maxel = delta
                    maxaz = daz
                    maxsum = zerovalue
                lastmaxel = maxel
                lastmaxaz = maxaz
                lastmaxsum = maxsum
                print ""   Better Alignment  dAz, dEl: %7.2f,%7.2f; sum: %7.1f"" % (lastmaxaz, lastmaxel, maxsum)
            delta = delta + ((maxeloffset-mineloffset)/5.)
        daz = daz + ((maxazoffset-minazoffset)/5.)
            
    print ""%2d:  Best Alignment  dAz, dEl: %7.2f,%7.2f; sum: %7.1f"" % ( jjj, maxaz, maxel, maxsum)

# reduce range and find max near last max
    azoffsetdelta = azoffsetdelta/2.
    eloffsetdelta = eloffsetdelta/2.

    mineloffset = maxel - eloffsetdelta
    maxeloffset = maxel + eloffsetdelta

    minazoffset = maxaz - azoffsetdelta
    maxazoffset = maxaz + azoffsetdelta
    
"
"Luove/Data","3.py","# -*- coding: utf-8 -*-
""""""
Created on Tue Aug  7 20:13:46 2018

@author: Luove
""""""

import pandas as pd
import numpy as np
from sklearn.cluster import KMeans
import matplotlib.pyplot as plt
from datetime import date
# from apriori import *
import time  # 计算耗时
import os

os.chdir('D:/Analyze/Python Matlab/Python/BookCodes/Python数据分析与挖掘实战/图书配套数据、代码/chapter8/demo/code')

input = '../data/data.xls'
data = pd.read_excel(input)

# from __future__ import print_function
typelabel = {u'肝气郁结证型系数': 'A', u'热毒蕴结证型系数': 'B', u'冲任失调证型系数': 'C', u'气血两虚证型系数': 'D', u'脾胃虚弱证型系数': 'E', u'肝肾阴虚证型系数': 'F'}
k = 4

keys = list(typelabel.keys())
values = list(typelabel.values())
result = pd.DataFrame()

# if __name__ == '__main__':  #作为模块导入不运行此代码块，作为函数运行则运行代码块（此时__name__等于__main__）
for i in range(len(keys)):
    print(u'Hi~Man 我正在进行 ""%s""的聚类...' % keys[i])
    kmodel = KMeans(n_clusters=k, n_jobs=4)
    kmodel.fit(data[[keys[i]]].as_matrix())
    #         r1=pd.DataFrame(kmodel.cluster_centers_,columns=[typelabel[keys[i]]])
    r1 = pd.DataFrame(kmodel.cluster_centers_, columns=[values[i]])  # 聚类中心
    r2 = pd.Series(kmodel.labels_).value_counts()  # 各类含样本量
    r2 = pd.DataFrame(r2, columns=[values[i] + 'n'])  # 转DataFrame 且修改列名
    r = pd.concat([r1, r2], axis=1).sort_values(values[i])
    r.index = [1, 2, 3, 4]
    r[values[i]] = r[values[i]].rolling(2).mean()  # 滚动计算两个聚类中心均值
    r[values[i]][1] = 0.0  # 将第一个空位补上0
    result = result.append(r.T)
result = result.sort_index()

data_ = data[[keys[i] for i in range(len(keys))]]  # 提取要建模的各证型
# 选择去掉 r2，方便处理
# result_=result[0:len(result):2]
# result_count=result[1:len(result):2]
result_ = result.iloc[::2, :]
result_count = result.iloc[1::2, :]
# data_.iloc[:,1]


# 聚类结果 指标值A1、A2、。。。
strabc = pd.DataFrame()
for i in range(len(keys)):
    strabcd = [values[i] + '%s' % (j + 1) for j in range(k)]
    strabcd = pd.DataFrame(strabcd, columns=[values[i]])  # columns=[values[i]],columns须是list，要转化加[],[values[]]
    strabc = strabc.append(strabcd.T)
''' strabc
    0   1   2   3
A  A1  A2  A3  A4
B  B1  B2  B3  B4
C  C1  C2  C3  C4
D  D1  D2  D3  D4
E  E1  E2  E3  E4
F  F1  F2  F3  F4
'''
''' result_ 
     1         2         3         4
A  0.0  0.167995  0.246969  0.339837
B  0.0  0.153543  0.298217  0.489954
C  0.0  0.202149  0.289061  0.423537
D  0.0  0.172049  0.251583  0.359353
E  0.0  0.153398  0.258200  0.376062
F  0.0  0.179143  0.261386  0.354643  
'''
# 将数值转化为类别指标,用到的数据
data_.shape  # (930, 6)
result_.shape  # (6, 4)
strabc.shape  # (6, 4)
len(keys)  # 6

# 转换值到指标,为避免潜在错误，新建一个的DataFrame接收转换后的指标矩阵
# data_new=pd.DataFrame(columns=[keys[i]+'new' for i in range(data_.shape[1])])
data_new = pd.DataFrame()
# i=0,1,2,3,4,5,6个，从result_行取比较值，和data_/data列值比较，确定值在strabc中找
# j=0,1,2,3，4个，A类中比较时result_行固定i
for i in range(len(result_)):
    index1 = data[keys[i]] < result_.iloc[i, 1]
    index2 = (result_.iloc[i, 1] < data[keys[i]]) & (data[keys[i]] < result_.iloc[i, 2])
    index3 = (result_.iloc[i, 2] < data[keys[i]]) & (data[keys[i]] < result_.iloc[i, 3])
    index4 = result_.iloc[i, 3] < data[keys[i]]
    # index0=pd.DataFrame()

    # len(index1)
    data_n = index1.copy()  # 仅为生成data_n
    data_n[index1 == True] = strabc.iloc[i, 0]
    data_n[index2 == True] = strabc.iloc[i, 1]
    data_n[index3 == True] = strabc.iloc[i, 2]
    data_n[index4 == True] = strabc.iloc[i, 3]
    # set(data_new)
    data_new = pd.concat([data_new, data_n], axis=1)
'''
更好的实现划分方法
pd.cut
'''
# data_.iloc[:,data_.shape[1]-1] #最后一列
# data_['n']=0
# del(data_['n'])#删去列名为'n'的列
# del(data_[data_.columns[data_.shape[1]-1]])#删去最后一列

# 至此，由值转指标类别工作完毕，下面开始建模apriori
data_new.head(5)

data_model = pd.concat([data_new, data['TNM分期']], axis=1)

start = time.clock()
print(u'\n转换原始矩阵至0-1矩阵...')
'''
b是ct函数作用到data_model.as_matrix() (930, 7) 矩阵的结果
按行展开排成一序列，作为新建Series的index 对应values为1
ct函数就是将x按行排成序列作为index 将x值作为index 

'''
ct = lambda x: pd.Series(1, index=x[pd.notnull(x)])
b = map(ct, data_model.as_matrix())  # 依次作用于matrix的每行
c = list(b)  # 必须转成可迭代的list
# len(c)    #930
# len(c[0]) #7
data_model_ = pd.DataFrame(c).fillna(0)  # 将c list转化为 DataFrame，所有list的index作为列，每行对应index对应值是对应list[i]
# DataFrame 每行对应原一条记录中各证型的出现与否，是就是1，否为0
type(data_model_)
data_model_.shape  # (930, 28)
# 每行是个事务集
end = time.clock()
print(u'\n耗时%0.2f ' % (end - start))
# del b


support = 0.06
confidence = 0.75
ms = '--'
start = time.clock()
print(u'\n开始搜索关联规则...')


# 自定义连接函数，用于实现L_{k-1}到C_k的连接
def connect_string(x, ms):
    x = list(map(lambda i: sorted(i.split(ms)), x))
    l = len(x[0])
    r = []
    # 生成二项集
    for i in range(len(x)):
        for j in range(i, len(x)):
            #      if x[i][l-1] != x[j][l-1]:
            if x[i][:l - 1] == x[j][:l - 1] and x[i][l - 1] != x[j][
                l - 1]:  # 判断数字和字母异同，初次取字母数字不全相同（即不同症状（字母），或同一证型程度不同（数字））
                r.append(x[i][:l - 1] + sorted([x[j][l - 1], x[i][l - 1]]))
    return r


# 寻找关联规则的函数
def find_rule(d, support, confidence, ms=u'--'):
    result = pd.DataFrame(index=['support', 'confidence'])  # 定义输出结果

    support_series = 1.0 * d.sum() / len(d)  # 支持度序列
    column = list(support_series[support_series > support].index)  # 初步根据支持度筛选,符合条件支持度，共 276个index证型
    k = 0

    while len(column) > 1:  # 随着项集元素增多 可计算的column（满足条件支持度的index）会被穷尽，随着证型增多，之间的关系会越来越不明显，（同时发生可能性是小概率了）
        k = k + 1
        print(u'\n正在进行第%s次搜索...' % k)
        column = connect_string(column, ms)
        print(u'数目：%s...' % len(column))
        sf = lambda i: d[i].prod(axis=1, numeric_only=True)  # 新一批支持度的计算函数
        len(d)
        # 创建连接数据，这一步耗时、耗内存最严重。当数据集较大时，可以考虑并行运算优化。
        # 依次对column每个元素（如[['A1', 'A2'], ['A1', 'A3']]中的['A1', 'A2']）运算，计算data_model_中对应该行的乘积，930个，若['A1', 'A2']二者同时发生为1则此行积为1
        d_2 = pd.DataFrame(list(map(sf, column)),
                           index=[ms.join(i) for i in column]).T  # list(map(sf,column)) 276X930  index 276

        support_series_2 = 1.0 * d_2[[ms.join(i) for i in column]].sum() / len(d)  # 计算连接后的支持度
        column = list(support_series_2[support_series_2 > support].index)  # 新一轮支持度筛选
        support_series = support_series.append(support_series_2)
        column2 = []

        for i in column:  # 遍历可能的推理，如{A,B,C}究竟是A+B-->C还是B+C-->A还是C+A-->B？
            i = i.split(ms)  # 由'A1--B1' 转化为 ['A1', 'B1']
            for j in range(len(i)):  #
                column2.append(i[:j] + i[j + 1:] + i[j:j + 1])

        cofidence_series = pd.Series(index=[ms.join(i) for i in column2])  # 定义置信度序列

        for i in column2:  # 计算置信度序列  如i为['B1', 'A1']
            # i置信度计算：i的支持度除以第一个证型的支持度，表示第一个发生第二个发生的概率
            cofidence_series[ms.join(i)] = support_series[ms.join(sorted(i))] / support_series[ms.join(i[:len(i) - 1])]

        for i in cofidence_series[cofidence_series > confidence].index:  # 置信度筛选
            result[i] = 0.0  # B1--A1    0.330409  A1--B1    0.470833,绝大部分是要剔除掉的，初次全剔除
            result[i]['confidence'] = cofidence_series[i]
            result[i]['support'] = support_series[ms.join(sorted(i.split(ms)))]

    result = result.T.sort_values(by=['confidence', 'support'],
                                  ascending=False)  # 结果整理，输出,先按confidence升序，再在confidence内部按support升序，默认升序，此处降序


'''举个虚假的例子
            F2--H2
support          0
confidence       0
   转化为
        support  confidence
F2--H2        0           0
'''

print(u'\n结果为：')
print(result)

return result

find_rule(data_model_, support, confidence, ms)
end = time.clock()
print(u'\搜索完毕，耗时%0.2f秒' % (end - start))
"
"PyPatel/Machine-Learning-and-AI-in-Trading","BTC Trading: Regression on Price/lognormal_reg.py","# -*- coding: utf-8 -*-
from __future__ import absolute_import

''' Generating Log Normal Regression curve for Bitcoin price projection. '''
__author__ = 'PyPatel'
__version__ = '2.0'

from datetime import date

import pandas as pd
import numpy as np
import matplotlib.pyplot as plt

from sklearn.linear_model import LinearRegression as LR

def noDays(day):
    delta = day - date(2009,1,3)
    return int(delta.days)

# Get data
data = pd.read_csv('./market-price.csv')
data.columns = ['Date', 'Price']
data['Date'] =pd.to_datetime(data.Date).dt.date

# Add column for No. Days since Bitcoin inception
data['Days'] = [noDays(i) for i in data['Date'].values]

# Remove 0 price days, since there is no data available for these days
data.drop(data[data['Price'] == 0].index, inplace = True)

# Take Logarithm based 10 of Days and Price, these are the variable to be optimise 
log_days = np.array(np.log10(data['Days'].values)).reshape(-1,1)
log_price = np.array(np.log10(data['Price'].values)).reshape(-1,1)

# Train Linear Regression model
reg = LR().fit(log_days, log_price)
print('Fitness Score of the model: ', reg.score(log_days, log_price))
print('Coefficient of the line: ', reg.coef_[0])
print('Intercept of the line: ', reg.intercept_) 

# Predictions
print('\n----------------------------------------')
print(""Today's BTC Price based on regression: US ${}"" .format(float(10**(reg.predict(np.log10(noDays(date.today())))))))
print('----------------------------------------')

# Visualization
plt.plot(log_price, label='BTC Price')
plt.plot(reg.coef_[0]*log_days + reg.intercept_ , label='Regression Line')
plt.legend()
plt.title('Lognormal regression for BTC daily price data')
plt.xlabel('No. of Days since BTC inception')
plt.ylabel(r""$\log_{10}(Price)$"")
plt.show()
"
"ccwanggl/PyHacker","Matplotlib/02_BarCharts/code.py","import csv
import numpy as np
import pandas as pd
from collections import Counter
from matplotlib import pyplot as plt

plt.style.use(""fivethirtyeight"")

data = pd.read_csv('data.csv')
ids = data['Responder_id']
lang_responses = data['LanguagesWorkedWith']

language_counter = Counter()

for response in lang_responses:
    language_counter.update(response.split(';'))

languages = []
popularity = []

for item in language_counter.most_common(15):
    languages.append(item[0])
    popularity.append(item[1])

languages.reverse()
popularity.reverse()

plt.barh(languages, popularity)

plt.title(""Most Popular Languages"")
# plt.ylabel(""Programming Languages"")
plt.xlabel(""Number of People Who Use"")

plt.tight_layout()

plt.show()"
"tnvnyk/helix-hunter","c.py","""""""
Command-line interface for DNA pattern alignment tool with matplotlib visualization.
Updated to support both FASTA and TXT files.
""""""
import argparse
import matplotlib.pyplot as plt
import numpy as np
from typing import List, Tuple, Dict, Any
from parsers import DNAParser  # Updated import
from matcher import PatternMatcher
from aligner import LocalAligner
from benchmark import Benchmark

class DNACli:
    """"""Command-line interface for DNA pattern alignment tool with visualization.""""""
    
    def __init__(self):
        self.parser = DNAParser()  # Updated to use DNAParser
        self.matcher = PatternMatcher()
        self.aligner = LocalAligner()
        self.benchmark = Benchmark()
    
    def run_algorithm(self, algorithm: str, text: str, pattern: str) -> Tuple[float, List[int]]:
        """"""Run specified algorithm and return timing and results.""""""
        if algorithm == 'naive':
            return self.benchmark.time_function(self.matcher.naive_match, text, pattern)
        elif algorithm == 'kmp':
            return self.benchmark.time_function(self.matcher.kmp_match, text, pattern)
        elif algorithm == 'rk':
            return self.benchmark.time_function(self.matcher.rabin_karp_match, text, pattern)
        else:
            raise ValueError(f""Unknown algorithm: {algorithm}"")
    
    def visualize_results(self, results: Dict[str, Dict[str, Any]], 
                         dna_sequence: str, pattern: str, save_plots: bool = False):
        """"""Create comprehensive matplotlib visualizations of the results.""""""
        
        # Set up the plotting style
        plt.style.use('default')
        fig = plt.figure(figsize=(16, 12))
        
        # 1. Performance Comparison Bar Chart
        ax1 = plt.subplot(2, 3, 1)
        algorithms = list(results.keys())
        times = [results[algo]['time'] for algo in algorithms]
        colors = ['#FF6B6B', '#4ECDC4', '#45B7D1']
        
        bars = ax1.bar(algorithms, times, color=colors[:len(algorithms)])
        ax1.set_title('Algorithm Performance Comparison', fontsize=14, fontweight='bold')
        ax1.set_ylabel('Execution Time (seconds)')
        ax1.set_xlabel('Algorithm')
        
        # Add value labels on bars
        for bar, time in zip(bars, times):
            height = bar.get_height()
            ax1.text(bar.get_x() + bar.get_width()/2., height,
                    f'{time:.6f}s', ha='center', va='bottom', fontsize=10)
        
        # 2. Match Count Comparison
        ax2 = plt.subplot(2, 3, 2)
        match_counts = [len(results[algo]['matches']) for algo in algorithms]
        
        bars2 = ax2.bar(algorithms, match_counts, color=colors[:len(algorithms)])
        ax2.set_title('Matches Found by Algorithm', fontsize=14, fontweight='bold')
        ax2.set_ylabel('Number of Matches')
        ax2.set_xlabel('Algorithm')
        
        # Add value labels on bars
        for bar, count in zip(bars2, match_counts):
            height = bar.get_height()
            ax2.text(bar.get_x() + bar.get_width()/2., height,
                    f'{count}', ha='center', va='bottom', fontsize=10)
        
        # 3. Performance vs Matches Scatter Plot
        ax3 = plt.subplot(2, 3, 3)
        scatter = ax3.scatter(times, match_counts, c=colors[:len(algorithms)], 
                             s=100, alpha=0.7, edgecolors='black')
        
        for i, algo in enumerate(algorithms):
            ax3.annotate(algo.upper(), (times[i], match_counts[i]), 
                        xytext=(5, 5), textcoords='offset points', fontsize=10)
        
        ax3.set_title('Performance vs Accuracy', fontsize=14, fontweight='bold')
        ax3.set_xlabel('Execution Time (seconds)')
        ax3.set_ylabel('Number of Matches')
        ax3.grid(True, alpha=0.3)
        
        # 4. Match Distribution Along Sequence
        ax4 = plt.subplot(2, 3, 4)
        if results:
            # Use the first algorithm's results for match distribution
            first_algo = list(results.keys())[0]
            matches = results[first_algo]['matches']
            
            if matches:
                # Create histogram of match positions
                bins = min(50, len(dna_sequence) // 1000 + 1)
                ax4.hist(matches, bins=bins, alpha=0.7, color=colors[0], edgecolor='black')
                ax4.set_title(f'Match Distribution Along Sequence\n({first_algo.upper()})', 
                             fontsize=14, fontweight='bold')
                ax4.set_xlabel('Sequence Position')
                ax4.set_ylabel('Number of Matches')
                ax4.grid(True, alpha=0.3)
            else:
                ax4.text(0.5, 0.5, 'No matches found', ha='center', va='center', 
                        transform=ax4.transAxes, fontsize=12)
                ax4.set_title('Match Distribution', fontsize=14, fontweight='bold')
        
        # 5. Relative Performance (if multiple algorithms)
        ax5 = plt.subplot(2, 3, 5)
        if len(algorithms) > 1:
            # Normalize times relative to fastest algorithm
            min_time = min(times)
            relative_times = [t / min_time for t in times]
            
            bars3 = ax5.bar(algorithms, relative_times, color=colors[:len(algorithms)])
            ax5.set_title('Relative Performance\n(vs Fastest Algorithm)', 
                         fontsize=14, fontweight='bold')
            ax5.set_ylabel('Relative Speed Factor')
            ax5.set_xlabel('Algorithm')
            ax5.axhline(y=1, color='red', linestyle='--', alpha=0.7, label='Baseline')
            ax5.legend()
            
            # Add value labels
            for bar, rel_time in zip(bars3, relative_times):
                height = bar.get_height()
                ax5.text(bar.get_x() + bar.get_width()/2., height,
                        f'{rel_time:.2f}x', ha='center', va='bottom', fontsize=10)
        else:
            ax5.text(0.5, 0.5, 'Single Algorithm\nNo Comparison Available', 
                    ha='center', va='center', transform=ax5.transAxes, fontsize=12)
            ax5.set_title('Relative Performance', fontsize=14, fontweight='bold')
        
        # 6. Summary Statistics Table
        ax6 = plt.subplot(2, 3, 6)
        ax6.axis('tight')
        ax6.axis('off')
        
        # Create summary table data
        table_data = []
        headers = ['Algorithm', 'Time (s)', 'Matches', 'Speed Rank']
        
        # Sort algorithms by performance for ranking
        sorted_algos = sorted(algorithms, key=lambda x: results[x]['time'])
        
        for i, algo in enumerate(algorithms):
            rank = sorted_algos.index(algo) + 1
            table_data.append([
                algo.upper(),
                f""{results[algo]['time']:.6f}"",
                str(len(results[algo]['matches'])),
                str(rank)
            ])
        
        table = ax6.table(cellText=table_data, colLabels=headers,
                         cellLoc='center', loc='center',
                         colColours=['lightgray'] * len(headers))
        table.auto_set_font_size(False)
        table.set_fontsize(10)
        table.scale(1, 2)
        
        ax6.set_title('Performance Summary', fontsize=14, fontweight='bold', pad=20)
        
        # Add overall title and metadata
        fig.suptitle(f'DNA Pattern Alignment Analysis\nPattern: {pattern} | Sequence Length: {len(dna_sequence):,}', 
                     fontsize=16, fontweight='bold', y=0.98)
        
        plt.tight_layout()
        plt.subplots_adjust(top=0.92)
        
        if save_plots:
            plt.savefig('dna_alignment_analysis.png', dpi=300, bbox_inches='tight')
            print(""Plots saved as 'dna_alignment_analysis.png'"")
        
        plt.show()
    
    def create_simple_performance_chart(self, results: Dict[str, Dict[str, Any]]):
        """"""Create a simple performance comparison chart.""""""
        algorithms = list(results.keys())
        times = [results[algo]['time'] for algo in algorithms]
        matches = [len(results[algo]['matches']) for algo in algorithms]
        
        fig, (ax1, ax2) = plt.subplots(1, 2, figsize=(12, 5))
        
        # Performance chart
        bars1 = ax1.bar(algorithms, times, color=['#FF6B6B', '#4ECDC4', '#45B7D1'][:len(algorithms)])
        ax1.set_title('Execution Time Comparison')
        ax1.set_ylabel('Time (seconds)')
        
        for bar, time in zip(bars1, times):
            height = bar.get_height()
            ax1.text(bar.get_x() + bar.get_width()/2., height,
                    f'{time:.4f}s', ha='center', va='bottom')
        
        # Matches chart
        bars2 = ax2.bar(algorithms, matches, color=['#FF6B6B', '#4ECDC4', '#45B7D1'][:len(algorithms)])
        ax2.set_title('Matches Found')
        ax2.set_ylabel('Number of Matches')
        
        for bar, count in zip(bars2, matches):
            height = bar.get_height()
            ax2.text(bar.get_x() + bar.get_width()/2., height,
                    f'{count}', ha='center', va='bottom')
        
        plt.tight_layout()
        plt.show()
    
    def detect_file_type(self, file_path: str) -> str:
        """"""Detect if file is FASTA or TXT format.""""""
        import os
        
        # Check by extension first
        file_ext = os.path.splitext(file_path)[1].lower()
        if file_ext in ['.fasta', '.fa', '.fas']:
            return 'FASTA'
        elif file_ext in ['.txt', '.text']:
            return 'TXT'
        
        # If extension is unclear, check content
        try:
            with open(file_path, 'r') as f:
                first_line = f.readline().strip()
                if first_line.startswith('>'):
                    return 'FASTA'
                else:
                    return 'TXT'
        except:
            return 'Unknown'
    
    def run_cli(self):
        """"""Main CLI execution function.""""""
        parser = argparse.ArgumentParser(description='DNA Pattern Alignment Tool (Supports FASTA and TXT files)')
        parser.add_argument('--file', required=True, help='Path to DNA sequence file (FASTA or TXT)')
        parser.add_argument('--pattern', required=True, help='DNA pattern to search for')
        parser.add_argument('--algorithm', choices=['naive', 'kmp', 'rk', 'all'], 
                          default='all', help='Algorithm to use')
        parser.add_argument('--extend', action='store_true', 
                          help='Enable local extension alignment')
        parser.add_argument('--window', type=int, default=5, 
                          help='Window size for extension (default: 5)')
        parser.add_argument('--plot', action='store_true', 
                          help='Generate matplotlib visualizations')
        parser.add_argument('--save-plots', action='store_true',
                          help='Save plots to file')
        parser.add_argument('--simple-plot', action='store_true',
                          help='Generate simple performance plots only')
        
        args = parser.parse_args()
        
        try:
            # Detect and parse file
            file_type = self.detect_file_type(args.file)
            print(f""Detected file type: {file_type}"")
            print(f""Parsing DNA sequence file: {args.file}"")
            
            # Use the universal parser that handles both formats
            dna_sequence = self.parser.parse_file(args.file)
            print(f""Loaded sequence of length: {len(dna_sequence)}"")
            
            # Validate pattern
            pattern = args.pattern.upper()
            if not self.parser.validate_dna_sequence(pattern):
                raise ValueError(""Invalid DNA pattern. Use only A, T, C, G characters."")
            
            print(f""Searching for pattern: {pattern}"")
            print(""-"" * 50)
            
            # Run algorithms
            algorithms = ['naive', 'kmp', 'rk'] if args.algorithm == 'all' else [args.algorithm]
            results = {}
            
            for algo in algorithms:
                exec_time, matches = self.run_algorithm(algo, dna_sequence, pattern)
                results[algo] = {'time': exec_time, 'matches': matches}
                
                print(f""{algo.upper()} Algorithm:"")
                print(f""  Time: {exec_time:.6f} seconds"")
                print(f""  Matches found: {len(matches)}"")
                if matches:
                    print(f""  Positions: {matches[:10]}{'...' if len(matches) > 10 else ''}"")
                
                # Perform local extension if requested
                if args.extend and matches:
                    print(""  Local alignments:"")
                    for i, pos in enumerate(matches[:3]):  # Show first 3 alignments
                        alignment = self.aligner.extend_alignment(
                            dna_sequence, pattern, pos, args.window
                        )
                        print(f""    Position {pos}:"")
                        print(f""      Text:    {alignment.extended_text}"")
                        print(f""      Pattern: {alignment.extended_pattern}"")
                        print(f""      Score: {alignment.score}"")
                
                print()
            
            # Text-based performance summary
            if len(results) > 1:
                print(""Performance Summary:"")
                print(""| Algorithm   | Time (s) | Matches |"")
                print(""|-------------|----------|---------|"")
                for algo, data in results.items():
                    print(f""| {algo.ljust(11)} | {data['time']:.6f} | {len(data['matches'])} |"")
            
            # Generate plots if requested
            if args.plot or args.simple_plot:
                print(""\nGenerating visualizations..."")
                if args.simple_plot:
                    self.create_simple_performance_chart(results)
                else:
                    self.visualize_results(results, dna_sequence, pattern, args.save_plots)
        
        except Exception as e:
            print(f""Error: {e}"")
            return 1
        
        return 0

if __name__ == '__main__':
    cli = DNACli()
    exit(cli.run_cli())"
"muhsin4647/voice-changer",".py","import tkinter as tk
from tkinter import ttk, filedialog, messagebox
import sounddevice as sd
from scipy.io.wavfile import write, read
import numpy as np
import librosa
import pygame
import os
import soundfile as sf
from matplotlib.figure import Figure
from matplotlib.backends.backend_tkagg import FigureCanvasTkAgg

class VoiceChangerApp:
    def __init__(self, master):
        self.master = master
        master.title(""AI Voice Studio Pro"")
        master.geometry(""1200x900"")
        
        # Configure dark theme
        self.style = ttk.Style()
        self.style.theme_use('clam')
        self.configure_styles()
        
        # Audio variables
        self.target_audio = None
        self.input_audio = None
        self.modified_audio = None
        self.fs = 44100  # Sampling frequency
        
        # Create main container
        self.main_frame = ttk.Frame(master)
        self.main_frame.pack(fill=tk.BOTH, expand=True, padx=20, pady=20)
        
        # Create widgets
        self.create_target_section()
        self.create_input_section()
        self.create_effects_section()
        self.create_waveform_displays()
        self.create_status_bar()
        self.create_playback_controls()
        
        # Initialize pygame mixer
        pygame.mixer.init()

    def configure_styles(self):
        self.style.configure('.', background='#1a1a1a', foreground='white')
        self.style.configure('TFrame', background='#1a1a1a')
        self.style.configure('TButton', font=('Helvetica', 10), padding=8, 
                            background='#2a2a2a', bordercolor='#3a3a3a')
        self.style.map('TButton', 
                      background=[('active', '#4a4a4a'), ('disabled', '#1a1a1a')],
                      foreground=[('active', 'white')])
        self.style.configure('Header.TLabel', font=('Helvetica', 12, 'bold'), 
                           background='#1a1a1a', foreground='#00ff99')
        self.style.configure('Status.TLabel', font=('Helvetica', 9), 
                           background='#0a0a0a', foreground='#00ff99')
        self.style.configure('TLabelframe', background='#1a1a1a', 
                           foreground='white', bordercolor='#3a3a3a')
        self.style.configure('TLabelframe.Label', background='#1a1a1a', 
                           foreground='#00ff99')

    def create_target_section(self):
        frame = ttk.LabelFrame(self.main_frame, text=""Voice Conversion"", padding=15)
        frame.grid(row=0, column=0, sticky=""ew"", pady=10)
        
        sub_frame = ttk.Frame(frame)
        sub_frame.pack(fill=tk.X)
        
        ttk.Button(sub_frame, text=""Upload Target Model"", 
                 command=self.upload_target).pack(side=tk.LEFT, padx=5)
        self.target_label = ttk.Label(sub_frame, text=""No target model selected"")
        self.target_label.pack(side=tk.LEFT, padx=10)
        
        ttk.Button(frame, text=""Convert to Target Voice"", 
                 command=self.process_conversion).pack(pady=5)

    def create_input_section(self):
        frame = ttk.LabelFrame(self.main_frame, text=""Input Voice"", padding=15)
        frame.grid(row=1, column=0, sticky=""ew"", pady=10)
        
        btn_frame = ttk.Frame(frame)
        btn_frame.pack(fill=tk.X)
        
        ttk.Button(btn_frame, text=""Record Voice (5s)"", 
                 command=self.record_voice).pack(side=tk.LEFT, padx=5)
        ttk.Button(btn_frame, text=""Upload Voice File"", 
                 command=self.upload_voice).pack(side=tk.LEFT, padx=5)
        self.input_label = ttk.Label(btn_frame, text=""No input selected"")
        self.input_label.pack(side=tk.LEFT, padx=10)

    def create_effects_section(self):
        frame = ttk.LabelFrame(self.main_frame, text=""Voice Effects"", padding=15)
        frame.grid(row=2, column=0, sticky=""ew"", pady=10)
        
        self.effect_var = tk.StringVar()
        effects = [""None"", ""Robot"", ""Echo"", ""Chipmunk"", ""Slow Motion"", ""Reverse"", ""Alien""]
        
        effect_frame = ttk.Frame(frame)
        effect_frame.pack(pady=5)
        
        for i, effect in enumerate(effects):
            ttk.Radiobutton(effect_frame, text=effect, variable=self.effect_var,
                          value=effect, command=self.apply_effect).grid(row=0, column=i, padx=5)

    def create_waveform_displays(self):
        frame = ttk.Frame(self.main_frame)
        frame.grid(row=3, column=0, sticky=""nsew"", pady=10)
        
        # Input waveform
        self.figure_in = Figure(figsize=(12, 3), dpi=100, facecolor='#1a1a1a')
        self.waveform_in = self.figure_in.add_subplot(111)
        self.waveform_in.set_facecolor('#1a1a1a')
        self.canvas_in = FigureCanvasTkAgg(self.figure_in, frame)
        self.canvas_in.get_tk_widget().pack(fill=tk.BOTH, expand=True)
        
        # Output waveform
        self.figure_out = Figure(figsize=(12, 3), dpi=100, facecolor='#1a1a1a')
        self.waveform_out = self.figure_out.add_subplot(111)
        self.waveform_out.set_facecolor('#1a1a1a')
        self.canvas_out = FigureCanvasTkAgg(self.figure_out, frame)
        self.canvas_out.get_tk_widget().pack(fill=tk.BOTH, expand=True)

    def create_status_bar(self):
        self.status_bar = ttk.Label(self.master, text=""Ready"", 
                                  style='Status.TLabel', anchor=tk.W)
        self.status_bar.pack(side=tk.BOTTOM, fill=tk.X)

    def create_playback_controls(self):
        frame = ttk.Frame(self.main_frame)
        frame.grid(row=4, column=0, pady=10)
        
        ttk.Button(frame, text=""Play Original"", 
                 command=lambda: self.play_audio(self.input_audio)).pack(side=tk.LEFT, padx=5)
        ttk.Button(frame, text=""Play Converted"", 
                 command=lambda: self.play_audio(self.modified_audio)).pack(side=tk.LEFT, padx=5)
        ttk.Button(frame, text=""Save Output"", 
                 command=self.save_audio).pack(side=tk.LEFT, padx=5)

    def upload_target(self):
        file_path = filedialog.askopenfilename(filetypes=[(""Audio Files"", ""*.wav *.mp3"")])
        if file_path:
            try:
                self.target_audio, _ = librosa.load(file_path, sr=self.fs)
                self.target_label.config(text=os.path.basename(file_path))
                self.update_waveform(self.target_audio, self.waveform_in, ""Target Voice"")
                self.status_bar.config(text=""Target voice loaded"")
            except Exception as e:
                messagebox.showerror(""Error"", f""Failed to load target: {str(e)}"")

    def upload_voice(self):
        file_path = filedialog.askopenfilename(filetypes=[(""Audio Files"", ""*.wav *.mp3"")])
        if file_path:
            try:
                self.input_audio, _ = librosa.load(file_path, sr=self.fs)
                self.input_label.config(text=os.path.basename(file_path))
                self.update_waveform(self.input_audio, self.waveform_in, ""Input Voice"")
                self.status_bar.config(text=""Input voice loaded"")
            except Exception as e:
                messagebox.showerror(""Error"", f""Failed to load input: {str(e)}"")

    def record_voice(self):
        self.status_bar.config(text=""Recording... (5 seconds)"")
        self.master.update()
        
        try:
            duration = 5
            recording = sd.rec(int(duration * self.fs), samplerate=self.fs, channels=1)
            sd.wait()
            
            self.input_audio = recording.flatten()
            write('recording.wav', self.fs, recording)
            self.input_label.config(text=""Recording.wav"")
            self.update_waveform(self.input_audio, self.waveform_in, ""Recorded Voice"")
            self.status_bar.config(text=""Recording complete"")
        except Exception as e:
            messagebox.showerror(""Error"", f""Recording failed: {str(e)}"")

    def process_conversion(self):
        if self.input_audio is None or self.target_audio is None:
            messagebox.showwarning(""Warning"", ""Load both input and target voices first!"")
            return
        
        try:
            self.status_bar.config(text=""Processing voice conversion..."")
            self.master.update()
            
            # Advanced pitch detection
            target_pitch = self.get_robust_pitch(self.target_audio)
            input_pitch = self.get_robust_pitch(self.input_audio)
            
            if input_pitch == 0 or target_pitch == 0:
                raise ValueError(""Could not detect valid pitch in input files"")
            
            # Calculate semitone difference
            semitone_shift = 12 * np.log2(target_pitch / input_pitch)
            
            # Apply pitch shift with formant preservation
            y_shifted = librosa.effects.pitch_shift(
                self.input_audio,
                sr=self.fs,
                n_steps=semitone_shift,
                bins_per_octave=48
            )
            
            # Apply formant shifting
            y_formant = self.apply_formant_shift(y_shifted, shift_factor=0.8)
            
            # Spectral envelope transfer
            D = librosa.stft(y_formant)
            target_D = librosa.stft(self.target_audio[:len(y_formant)])
            D_mag, _ = librosa.magphase(D)
            target_mag, target_phase = librosa.magphase(target_D)
            
            # Combine magnitude and phase
            processed_audio = librosa.istft(D_mag * target_phase)
            
            # Post-processing
            self.modified_audio = librosa.effects.remix(processed_audio, intervals=[(0, len(processed_audio))])
            self.modified_audio = librosa.util.normalize(self.modified_audio)
            
            # Update output
            self.update_waveform(self.modified_audio, self.waveform_out, ""Converted Voice"")
            write('converted.wav', self.fs, self.modified_audio)
            self.status_bar.config(text=""Voice conversion complete - Ready to play!"")
            
        except Exception as e:
            messagebox.showerror(""Error"", f""Conversion failed: {str(e)}"")

    def apply_formant_shift(self, audio, shift_factor=1.0):
        # Formant shifting using phase vocoder
        D = librosa.stft(audio)
        D_shifted = librosa.phase_vocoder(D, rate=shift_factor)
        return librosa.istft(D_shifted)

    def get_robust_pitch(self, audio):
        # Improved pitch detection with RAPT algorithm
        pitches, magnitudes = librosa.piptrack(
            y=audio,
            sr=self.fs,
            fmin=80,
            fmax=400,
            hop_length=512,
            n_fft=2048
        )
        
        # Find pitches with significant magnitude
        threshold = np.median(magnitudes[magnitudes > 0]) * 1.5
        valid_pitches = pitches[magnitudes > threshold]
        
        if len(valid_pitches) == 0:
            return 0
        
        # Use median for stability
        return np.median(valid_pitches[valid_pitches > 0])

    def apply_effect(self):
        if self.input_audio is None:
            messagebox.showwarning(""Warning"", ""Load or record input voice first!"")
            return
        
        effect = self.effect_var.get()
        try:
            self.status_bar.config(text=f""Applying {effect} effect..."")
            self.master.update()
            
            if effect == ""Robot"":
                self.modified_audio = self.robot_effect(self.input_audio)
            elif effect == ""Echo"":
                self.modified_audio = self.echo_effect(self.input_audio)
            elif effect == ""Chipmunk"":
                y_shifted = librosa.effects.pitch_shift(self.input_audio, sr=self.fs, n_steps=4)
                self.modified_audio = self.apply_formant_shift(y_shifted, 1.2)
            elif effect == ""Slow Motion"":
                self.modified_audio = librosa.effects.time_stretch(self.input_audio, rate=0.6)
            elif effect == ""Reverse"":
                self.modified_audio = self.input_audio[::-1]
            elif effect == ""Alien"":
                y_shifted = librosa.effects.pitch_shift(self.input_audio, sr=self.fs, n_steps=7)
                self.modified_audio = self.apply_formant_shift(y_shifted, 0.5)
            else:
                self.modified_audio = self.input_audio.copy()
            
            self.modified_audio = librosa.util.normalize(self.modified_audio)
            self.update_waveform(self.modified_audio, self.waveform_out, f""{effect} Effect"")
            write('effect.wav', self.fs, self.modified_audio)
            self.status_bar.config(text=f""{effect} effect applied"")
            
        except Exception as e:
            messagebox.showerror(""Error"", f""Effect failed: {str(e)}"")

    def robot_effect(self, audio):
        # Add AM modulation and filtering
        carrier_freq = 100  # Hz
        t = np.arange(len(audio)) / self.fs
        carrier = np.sin(2 * np.pi * carrier_freq * t)
        processed = audio * carrier
        
        # Apply low-pass filter
        return librosa.effects.preemphasis(processed, coef=0.98)

    def echo_effect(self, audio):
        # Multiple echo generator
        delays = [0.2, 0.4, 0.6]  # seconds
        decays = [0.5, 0.3, 0.2]
        echo = audio.copy()
        
        for delay, decay in zip(delays, decays):
            delay_samples = int(delay * self.fs)
            if delay_samples < len(echo):
                echo[delay_samples:] += decay * audio[:-delay_samples]
        
        return echo

    def update_waveform(self, audio, ax, title):
        ax.clear()
        ax.plot(np.linspace(0, len(audio)/self.fs, len(audio)), audio, color='#00ff99')
        ax.set_title(title, color='white')
        ax.set_xlabel(""Time (s)"", color='white')
        ax.set_ylabel(""Amplitude"", color='white')
        ax.tick_params(colors='white')
        ax.figure.canvas.draw()

    def play_audio(self, audio):
        if audio is not None:
            try:
                temp_file = ""temp_playback.wav""
                write(temp_file, self.fs, audio)
                pygame.mixer.music.load(temp_file)
                pygame.mixer.music.play()
                self.status_bar.config(text=""Playing audio..."")
            except Exception as e:
                messagebox.showerror(""Error"", f""Playback failed: {str(e)}"")
        else:
            messagebox.showwarning(""Warning"", ""No audio to play"")

    def save_audio(self):
        if self.modified_audio is not None:
            file_path = filedialog.asksaveasfilename(
                defaultextension="".wav"",
                filetypes=[(""WAV files"", ""*.wav"")]
            )
            if file_path:
                write(file_path, self.fs, self.modified_audio)
                self.status_bar.config(text=f""Audio saved to {file_path}"")

if __name__ == ""__main__"":
    root = tk.Tk()
    app = VoiceChangerApp(root)
    root.mainloop()"
"vikram742003/dmbi","1.py","
import numpy as np
import pandas as pd
import matplotlib.pyplot as plt
from sklearn.datasets import make_blobs
from sklearn.cluster import DBSCAN
from sklearn.preprocessing import StandardScaler


X, _ = make_blobs(n_samples=500, centers=4, cluster_std=0.6, random_state=42)
scaler = StandardScaler()
X_scaled = scaler.fit_transform(X)
dbscan = DBSCAN(eps=0.3, min_samples=5)
clusters = dbscan.fit_predict(X_scaled)
data = pd.DataFrame(X_scaled, columns=['Feature1', 'Feature2'])
data['Cluster'] = clusters

plt.figure(figsize=(8,6))
plt.scatter(data['Feature1'], data['Feature2'], c=data['Cluster'], cmap='rainbow', s=30, alpha=0.7)
plt.title('DBSCAN Clustering')
plt.xlabel('Feature 1')
plt.ylabel('Feature 2')
plt.colorbar(label='Cluster Label')
plt.grid(True)
plt.show()

print(""Cluster labels:"")
print(data['Cluster'].value_counts())"
"generagit/DL_Codes","23.py","---Statement 23 
Build and train a CNN model for Apple image classification that includes Dropout layers. Train using  
15 epochs and evaluate performance. 

import tensorflow as tf
import matplotlib.pyplot as plt
from tensorflow.keras.layers import Conv2D, MaxPooling2D, Flatten, Dense, Dropout, Rescaling

# 1. Load the Apple dataset
dataset_path = ""apple_dataset""  # <-- replace with your path

# Split into training and validation
train_ds = tf.keras.utils.image_dataset_from_directory(
    dataset_path,
    validation_split=0.2,
    subset=""training"",
    seed=123,
    image_size=(128, 128),
    batch_size=32)

val_ds = tf.keras.utils.image_dataset_from_directory(
    dataset_path,
    validation_split=0.2,
    subset=""validation"",
    seed=123,
    image_size=(128, 128),
    batch_size=32)

# Normalize the data
train_ds = train_ds.map(lambda x, y: (Rescaling(1./255)(x), y))
val_ds = val_ds.map(lambda x, y: (Rescaling(1./255)(x), y))

# 2. Build CNN model with Dropout
model = tf.keras.Sequential([
    Conv2D(32, (3, 3), activation='relu', input_shape=(128, 128, 3)),
    MaxPooling2D(),
    Dropout(0.25),  # Dropout to prevent overfitting

    Conv2D(64, (3, 3), activation='relu'),
    MaxPooling2D(),
    Dropout(0.25),

    Flatten(),
    Dense(128, activation='relu'),
    Dropout(0.5),
    Dense(len(train_ds.class_names), activation='softmax')  # Output layer
])

# 3. Compile model
model.compile(optimizer='adam',
              loss='sparse_categorical_crossentropy',
              metrics=['accuracy'])

# 4. Train model for 15 epochs
history = model.fit(train_ds, validation_data=val_ds, epochs=15)

# 5. Evaluate performance
val_loss, val_accuracy = model.evaluate(val_ds)
print(f""\nValidation Accuracy: {val_accuracy:.2f}"")

# 6. Plot accuracy and loss curves
plt.figure(figsize=(12, 4))

plt.subplot(1, 2, 1)
plt.plot(history.history['accuracy'], label=""Train Accuracy"")
plt.plot(history.history['val_accuracy'], label=""Val Accuracy"")
plt.title(""Accuracy Curve"")
plt.xlabel(""Epochs"")
plt.ylabel(""Accuracy"")
plt.legend()
plt.grid(True)

plt.subplot(1, 2, 2)
plt.plot(history.history['loss'], label=""Train Loss"")
plt.plot(history.history['val_loss'], label=""Val Loss"")
plt.title(""Loss Curve"")
plt.xlabel(""Epochs"")
plt.ylabel(""Loss"")
plt.legend()
plt.grid(True)

plt.tight_layout()
plt.show()
"
"aut2341230145/Recognizing-Handwritten-Digits-with-Deep-Learning-for-Smarter-AI-Applications-","handwriting.png/src.py","import numpy as np
import matplotlib.pyplot as plt
import tensorflow as tf
from tensorflow.keras.datasets import mnist
from tensorflow.keras.models import Sequential
from tensorflow.keras.layers import Dense, Flatten
from tensorflow.keras.utils import to_categorical

(x_train, y_train), (x_test, y_test) = mnist.load_data()

# Normalize the images to 0–1
x_train, x_test = x_train / 255.0, x_test / 255.0

# Convert labels to one-hot encoded vectors
y_train = to_categorical(y_train, 10)
y_test = to_categorical(y_test, 10)

model = Sequential([
    Flatten(input_shape=(28, 28)),
    Dense(128, activation='relu'),
    Dense(64, activation='relu'),
    Dense(10, activation='softmax')
])

model.compile(optimizer='adam',
              loss='categorical_crossentropy',
              metrics=['accuracy'])

model.fit(x_train, y_train, epochs=5, batch_size=32, validation_split=0.1)

test_loss, test_acc = model.evaluate(x_test, y_test)
print(f'Test accuracy: {test_acc:.4f}')

predictions = model.predict(x_test)

# Display some predictions
def plot_images(indexes):
    plt.figure(figsize=(10, 4))
    for i, idx in enumerate(indexes):
        plt.subplot(1, len(indexes), i + 1)
        plt.imshow(x_test[idx], cmap='gray')
        plt.title(f'Predicted: {np.argmax(predictions[idx])}')
        plt.axis('off')
    plt.show()

# Example usage
plot_images([0, 1, 2, 3, 4])
"
"Vedansh5545/GraphNeuralNetwork","4.py","from torch_geometric.datasets import Planetoid

# Load Cora dataset
dataset = Planetoid(root='data/Planetoid', name='Cora')
data = dataset[0]

""""""
This code snippet demonstrates how to load a real-world dataset using PyTorch Geometric (PyG).
It uses the Cora dataset, which is a citation network of scientific papers.
The dataset is loaded using the `Planetoid` class from the `torch_geometric.datasets` module.
""""""

import torch
import torch.nn.functional as F
from torch_geometric.nn import GCNConv

class GCN(torch.nn.Module):
    def __init__(self, in_channels, hidden_channels, out_channels):
        super(GCN, self).__init__()
        self.conv1 = GCNConv(in_channels, hidden_channels*2)
        self.conv2 = GCNConv(hidden_channels*2, hidden_channels)
        self.conv3 = GCNConv(hidden_channels, out_channels)



    def forward(self, x, edge_index):
        x = self.conv1(x, edge_index)
        x = F.relu(x)
        x = self.conv2(x, edge_index)
        x = F.relu(x)
        x = self.conv3(x, edge_index)
        return x
'''This code defines a Graph Convolutional Network (GCN) model using PyTorch Geometric.
The GCN class inherits from `torch.nn.Module` and consists of two graph convolutional layers (`GCNConv`).
The `forward` method applies the first convolutional layer, applies ReLU activation, and then applies the 
second convolutional layer.
The model takes node features (`x`) and edge indices (`edge_index`) as input.
'''

device = torch.device('cuda' if torch.cuda.is_available() else 'cpu')
model = GCN(in_channels=dataset.num_node_features,
            hidden_channels=32,
            out_channels=dataset.num_classes).to(device)
data = data.to(device)
optimizer = torch.optim.Adam(model.parameters(), lr=0.01, weight_decay=5e-4)

def train():
    model.train()
    optimizer.zero_grad()
    out = model(data.x, data.edge_index)
    loss = F.cross_entropy(out[data.train_mask], data.y[data.train_mask])
    loss.backward()
    optimizer.step()
    return loss.item()
'''
This code sets up the training process for the GCN model.
It includes:
1. Moving the model and data to the appropriate device (GPU or CPU).
2. Initializing the optimizer (Adam) with a learning rate and weight decay.
3. Defining the `train` function, which performs one training step:
   - Sets the model to training mode.
   - Zeroes the gradients of the optimizer.
   - Computes the model's output for the training nodes.
   - Calculates the loss using cross-entropy.
   - Backpropagates the loss and updates the model parameters.'
   '''

def test():
    model.eval()
    out = model(data.x, data.edge_index)
    pred = out.argmax(dim=1)
    accs = []
    for mask in [data.train_mask, data.val_mask, data.test_mask]:
        correct = pred[mask].eq(data.y[mask]).sum().item()
        acc = correct / mask.sum().item()
        accs.append(acc)
    return accs  # [train_acc, val_acc, test_acc]
'''
This code defines the `test` function for evaluating the GCN model.
It includes:
1. Setting the model to evaluation mode.
2. Computing the model's output for all nodes.
3. Getting the predicted class for each node.
4. Calculating the accuracy for the training, validation, and test sets using the masks provided in the dataset.
The accuracies are returned as a list.
'''

for epoch in range(1, 201):
    loss = train()
    train_acc, val_acc, test_acc = test()
    if epoch % 20 == 0:
        print(f'Epoch {epoch:03d}, Loss: {loss:.4f}, Train Acc: {train_acc:.4f}, Val Acc: {val_acc:.4f}, Test Acc: {test_acc:.4f}')
'''
This code runs the training loop for 200 epochs.
It includes:
1. Training the model for one epoch and getting the loss.
2. Evaluating the model on the training, validation, and test sets.
3. Printing the loss and accuracies every 20 epochs.
The accuracies are printed in the format: `Epoch {epoch}, Loss: {loss}, Train Acc: {train_acc}, Val Acc: {val_acc}, Test Acc: {test_acc}`.
'''

from sklearn.manifold import TSNE
import matplotlib.pyplot as plt

@torch.no_grad()
def visualize():
    model.eval()
    out = model(data.x, data.edge_index)
    z = out.cpu().numpy()
    y = data.y.cpu().numpy()

    z_embedded = TSNE(n_components=2).fit_transform(z)

    plt.figure(figsize=(10, 7))
    plt.xticks([])
    plt.yticks([])
    scatter = plt.scatter(z_embedded[:, 0], z_embedded[:, 1], c=y, cmap='tab10', s=15)
    plt.title(""Node Embeddings after GCN"")
    plt.colorbar(scatter, label='Class')
    plt.show()

visualize()
'''
This code defines a function to visualize the node embeddings learned by the GCN model.
It includes:
1. Setting the model to evaluation mode.
2. Computing the model's output for all nodes.
3. Converting the output to NumPy arrays for visualization.
4. Using t-SNE to reduce the dimensionality of the embeddings to 2D.
5. Plotting the 2D embeddings using Matplotlib, with colors representing different classes.
The plot shows the node embeddings after training the GCN model.
'''"
"Shadabur/Projects","2.py","import matplotlib
matplotlib.use('TkAgg') # Switch backend to TkAgg

from sklearn.decomposition import PCA 
import matplotlib.pyplot as plt
import numpy as np

words = ['football', 'basketball', 'cricket', 'technology', 'computer', 'robot', 'AI', 'cloud', 'python', 'data']

word_vectors = {word: np.random.rand(100) for word in words} # Each word has a 100-dimensional vector

pca = PCA(n_components=2)
pca_result = pca.fit_transform([word_vectors[word] for word in words])

plt.scatter(pca_result[:, 0], pca_result[:, 1])

for i, word in enumerate(words):
 plt.annotate(word, (pca_result[i, 0], pca_result[i, 1]))
 plt.title('Word Embedding Visualization with PCA') 
plt.show()

# import matplotlib.pyplot as plt
# import numpy as np
# from sklearn.decomposition import PCA

# # Sample words with random 100D vectors (Replace with actual embeddings)
# words = ['football', 'basketball', 'cricket', 'technology', 'computer', 'robot', 'AI', 'cloud', 'python', 'data']
# np.random.seed(42)  # Ensure reproducibility
# word_vectors = np.random.rand(len(words), 100)

# # Apply PCA to reduce to 2D
# pca_result = PCA(n_components=2).fit_transform(word_vectors)

# # Plot
# plt.figure(figsize=(8, 8))
# plt.scatter(pca_result[:, 0], pca_result[:, 1])
# for i, word in enumerate(words):
#     plt.annotate(word, pca_result[i], fontsize=10)
# plt.title('Word Embedding Visualization with PCA')
# plt.show()
"
"kushal12345/Gender_submission","a.py","# -*- coding: utf-8 -*-
""""""
Created on Sat Jan 21 14:07:17 2017

@author: Ruben
""""""

import numpy as num;
import scipy as sci;
import csv;
import matplotlib.pyplot as plt;
import pandas as pd

from keras.models import Sequential
from keras.layers import Dense, Dropout, Activation, Flatten
from keras.utils import np_utils


def dataInit():
    #Reads the .csv files in order to initialize the data
    
    #For the train set
    fop = open(r'train.csv',encoding = 'utf-8')
    
    trainReader = csv.reader(fop, delimiter=',', quotechar='""') #To take out the header
    
    trainHeader = trainReader.__next__(); 
    
    print(trainHeader)
    
    eofFlag = False #Flag for end of file
    
    trainInfo = [];
    
    while (eofFlag == False):
        try:
            trainInfo.append(trainReader.__next__());
        except StopIteration:         #Will be thrown at the end of the file
            eofFlag = True;
            
    fop.close();   
        
    #Same procedure for the test set
    fop = open(r'test.csv',encoding = 'utf-8')
    
    testReader = csv.reader(fop, delimiter=',', quotechar='""')
    
    testHeader = testReader.__next__();
    
    print(testHeader)
    
    eofFlag = False
    
    testInfo = [];
    
    while (eofFlag == False):
        try:
            testInfo.append(testReader.__next__());
        except StopIteration:        
            eofFlag = True;
            
    fop.close();   
    
    return trainInfo, testInfo

def dfPreProcessingTrain(trainInfo):
    #Processes a list given by dataInit into a DataFrame, converting the
    #data into suitable types (namely numeric)
    
    dfTrainInfo = pd.DataFrame(trainInfo);
    
    #Assign column names for improved readbility                          
    dfTrainInfo.columns = ['PassengerId', 'Survived', 'Pclass', 'Name', 'Sex', 'Age', 'SibSp', 'Parch', 'Ticket', 'Fare', 'Cabin', 'Embarked']
    
    #Convert everything that can be converted to numeric.
    dfTrainInfo['Survived']=num.round(pd.to_numeric(dfTrainInfo['Survived'],errors='coerce'))
    dfTrainInfo['Pclass']=num.round(pd.to_numeric(dfTrainInfo['Pclass'],errors='coerce'))
    dfTrainInfo['Age']=num.round(pd.to_numeric(dfTrainInfo['Age'],errors='coerce'))
    dfTrainInfo['SibSp']=pd.to_numeric(dfTrainInfo['SibSp'],errors='coerce')
    dfTrainInfo['Parch']=pd.to_numeric(dfTrainInfo['Parch'],errors='coerce')
    return dfTrainInfo

def dfPreProcessingTest(testInfo):
    #Same as dfPreProcessingTrain but for the test set
    #The main difference is that the TestSet does not have survival data.
    
    dfTestInfo = pd.DataFrame(testInfo);
    dfTestInfo.columns = ['PassengerId','Pclass','Name','Sex','Age','SibSp','Parch','Ticket','Fare','Cabin','Embarked']
    dfTestInfo['Pclass']=num.round(pd.to_numeric(dfTestInfo['Pclass'],errors='coerce'))
    dfTestInfo['Age']=num.round(pd.to_numeric(dfTestInfo['Age'],errors='coerce'))
    dfTestInfo['SibSp']=pd.to_numeric(dfTestInfo['SibSp'],errors='coerce')
    dfTestInfo['Parch']=pd.to_numeric(dfTestInfo['Parch'],errors='coerce')
    return dfTestInfo

def assignSex(dfTrainInfo):
    #Assign a number for each sex. 1 if the passenger is male and 2 if it's female
    
    #Divide the dataframe into two
    dfMales = dfTrainInfo.loc[dfTrainInfo['Sex']=='male']
    dfFemales = dfTrainInfo.loc[dfTrainInfo['Sex']=='female']
    
    #Substitute the value in the Sex column
    dfMales['Sex'] = 1
    dfFemales['Sex'] = 2
    
    #Put everything together into another DataFrame (Probably there are better ways to do this...)
    frames = [dfMales,dfFemales]
    dfSexDivided = pd.concat(frames)
    dfSexDivided = dfSexDivided.sort_index()
    
    return dfSexDivided

#Main program

#Read the .csv files
trainInfo, testInfo = dataInit();
                        
#Convert them to dataframes
dfTrainInfo = dfPreProcessingTrain(trainInfo);
dfTestInfo = dfPreProcessingTest(testInfo);  

#For the train set:

#Convert Sex to a number                                
dfTrainInfoSex = assignSex(dfTrainInfo);

#Select features for the ANN                                
#dfTrainFeatures = dfTrainInfoSex[['Pclass','Sex','Age','SibSp','Parch']]  
dfTrainFeatures = dfTrainInfoSex[['Pclass','Sex','Parch']]

#Select the label. In this case the labels are survival or not  
dfTrainLabels = dfTrainInfoSex['Survived']

#Convert to array for processing
arrayTrainFeatures = num.array(dfTrainFeatures)
arrayTrainLabels = num.array(dfTrainLabels)


#Same with the test set (no labels were given, only features)

dfTestInfoSex = assignSex(dfTestInfo);
                         
#dfTestFeatures = dfTestInfoSex[['Pclass','Sex','Age','SibSp','Parch']]  
dfTestFeatures = dfTestInfoSex[['Pclass','Sex','Parch']]  

arrayTestFeatures = num.array(dfTestFeatures)

#ANN Properties

nb_epoch = 2000 #Probably too high, but it works
batch_size = 32

#Assign an average value if an age is not known (they only have some NaNs in Ages)
arrayTrainFeatures[num.isnan(arrayTrainFeatures)] = 29
arrayTestFeatures[num.isnan(arrayTestFeatures)] = 29
                  
#Define the ANN
annModel = Sequential() #Sequential ANN

#Layers of the ANN (Dense in this case)
annModel.add(Dense(30, input_dim=3, activation='sigmoid'))
annModel.add(Dense(3, input_dim=30, activation='sigmoid'))
annModel.add(Dense(1, input_dim=3, activation='sigmoid'))
annModel.compile(loss='binary_crossentropy',
              optimizer='rmsprop',
              metrics=['accuracy'])

#Get the ANN parameters                   
annModel.fit(arrayTrainFeatures, arrayTrainLabels,
              validation_split=0.2,
              batch_size=batch_size,
              nb_epoch=nb_epoch,
              shuffle=True)

#Predict survival (taking 0.5 as the cutoff)
TestPred = num.round(annModel.predict(arrayTestFeatures))

#Copying everything to a DataFrame
dfSurvived = dfTestInfo;
dfSurvived['Survived'] = TestPred.astype(int);          

#Finally write the DataFrame to a .csv file          
dfSurvived.to_csv(path_or_buf='result.csv',index=False,columns=['PassengerId','Survived'])
"
"123MANMITHA/DSE-LAB","5.py","import pandas as pd
import numpy as np
import matplotlib.pyplot as plt
import seaborn as sns
dataset = pd.read_csv('advertising.csv')
dataset.head(10)
dataset.shape
dataset.isna().sum()
dataset.duplicated().any()
fig, axs = plt.subplots(3, figsize = (5,5))
plt1 = sns.boxplot(dataset['TV'], ax = axs[0])
plt2 = sns.boxplot(dataset['Newspaper'], ax = axs[1])
plt3 = sns.boxplot(dataset['Radio'], ax = axs[2])
plt.tight_layout()
sns.distplot(dataset['Sales']);
sns.pairplot(dataset, x_vars=['TV', 'Radio', 'Newspaper'], y_vars='Sales', height=4,
aspect=1, kind='scatter')
plt.show()
sns.heatmap(dataset.corr(), annot = True)
plt.show()
from sklearn.model_selection import train_test_split
from sklearn.linear_model import LinearRegression
from sklearn import metrics
x = dataset[['TV']]
y = dataset['Sales']
x_train, x_test, y_train, y_test = train_test_split(x, y, test_size = 0.3, random_state = 100)
slr= LinearRegression()
slr.fit(x_train, y_train)
print('Intercept: ', slr.intercept_)
print('Coefficient:', slr.coef_)
print('Regression Equation: Sales = 6.948 + 0.054 * TV')
plt.scatter(x_train, y_train)
plt.plot(x_train, 6.948 + 0.054*x_train, 'r')
plt.show()
#Prediction of Test and Training set result
y_pred_slr= slr.predict(x_test)
x_pred_slr= slr.predict(x_train)
print(""Prediction for test set: {}"".format(y_pred_slr))
slr_diff = pd.DataFrame({'Actual value': y_test, 'Predicted value': y_pred_slr})
slr_diff
#Predict for any value
slr.predict([[56]])
# print the R-squared value for the model
from sklearn.metrics import accuracy_score
print('R squared value of the model: {:.2f}'.format(slr.score(x,y)*100))
"
"LuizCPorto/PRIM-GRAFOS-FODA-","kruskal.py","import networkx as nx
import matplotlib.pyplot as plt

# Inicializando a Classe de Grafo
class Graph:
    def __init__(self):
        self.graph = []
        self.nodes = set()
        self.MST = []

    def addEdge(self, s, d, w):
        self.graph.append((s, d, w))
        self.nodes.add(s)
        self.nodes.add(d)

    def printGraph(self, edges):
        G = nx.Graph()
        G.add_weighted_edges_from(edges)
        pos = nx.spring_layout(G)
        nx.draw(G, pos, with_labels=True, font_weight='bold')
        edge_weight = nx.get_edge_attributes(G, 'weight')
        nx.draw_networkx_edge_labels(G, pos, edge_labels=edge_weight)
        plt.show()

    def printMST(self, result):
        G = nx.Graph()
        G.add_weighted_edges_from(result)
        pos = nx.spring_layout(G)
        nx.draw(G, pos, with_labels=True, font_weight='bold')
        edge_weight = nx.get_edge_attributes(G, 'weight')
        nx.draw_networkx_edge_labels(G, pos, edge_labels=edge_weight)
        plt.title('Minimum Spanning Tree (Kruskal)')
        plt.show()
    
    def kruskalAlgo(self):
        ds = DisjointSet(self.nodes)
        self.graph = sorted(self.graph, key=lambda item: item[2])
        e = 0
        for edge in self.graph:
            s, d, w = edge
            x = ds.find(s)
            y = ds.find(d)
            if x != y:
                e += 1
                self.MST.append((s, d, w))
                ds.union(x, y)
                if e == len(self.nodes) - 1:
                    break
        self.printMST(self.MST)

# Implementando a estrutura de dados Conjunto Disjunto e suas funções
class DisjointSet:
    def __init__(self, vertices):
        self.parent = {v: v for v in vertices}
        self.rank = {v: 0 for v in vertices}
    
    def find(self, item):
        if self.parent[item] != item:
            self.parent[item] = self.find(self.parent[item])
        return self.parent[item]
    
    def union(self, x, y):
        xroot = self.find(x)
        yroot = self.find(y)
        if self.rank[xroot] < self.rank[yroot]:
            self.parent[xroot] = yroot
        elif self.rank[xroot] > self.rank[yroot]:
            self.parent[yroot] = xroot
        else:
            self.parent[yroot] = xroot
            self.rank[xroot] += 1

g = Graph()
   
g.addEdge('B', 'C', 1)
g.addEdge('A', 'C', 2)
g.addEdge('D', 'F', 2)
g.addEdge('A', 'B', 4)
g.addEdge('B', 'E', 4)
g.addEdge('E', 'C', 5)
g.addEdge('C', 'F', 6)
g.addEdge('A', 'D', 6)
g.addEdge('C', 'D', 7)
g.addEdge('E', 'F', 7)
g.addEdge('B', 'D', 9)

g.printGraph(g.graph)
g.kruskalAlgo()
"
"omar-mohamed/Birad-Classification-Multiview","t.py","import numpy as np
import os
import pandas as pd
from glob import glob
from PIL import Image
from skimage.transform import resize
import matplotlib.pyplot as plt

# files = glob('./data/images/*.jpg')
# print(len(files))
source_image_dir = './data/images'
target_size = (512,512,3)
def get_opposite_image( image_file, side):
    if side == 'R':
        opposite_image = image_file.replace('_R_', '_L_')
    else:
        opposite_image = image_file.replace('_L_', '_R_')

    return opposite_image


def load_pair( image_file, side):
    op_image_name =  get_opposite_image(image_file, side)
    image =  load_image(image_file,target_size)
    op_image =  load_image(op_image_name,target_size)
    if side == 'R':
        image  = np.fliplr(image)
        op_image = np.fliplr(op_image)
    comb= images_h_stack([op_image, image])
    comb = resize(comb, target_size)

    return comb

def images_h_stack( images):
    imgs_comb = np.hstack((np.asarray(i) for i in images))
    return imgs_comb


def load_image( image_file, target_size=None):
    image_path = os.path.join( source_image_dir, image_file)
    # image_array = np.random.randint(low=0, high=255, size=( target_size[0],  target_size[1], 3))

    image = Image.open(image_path)
    image_array = np.asarray(image.convert(""RGB""))
    image_array = image_array / 255.
    image_array = crop_image(image_array)

    if target_size is not None:
        image_array = resize(image_array,  target_size)
    # if side == 'L':
    #     image_array = np.fliplr(image_array)
    return image_array

def crop_image(img,tol=0,margin=100):
    # img is 2D or 3D image data
    # tol  is tolerance
    mask = img>tol
    if img.ndim==3:
        mask = mask.all(2)
    m,n = mask.shape
    mask0,mask1 = mask.any(0),mask.any(1)
    col_start,col_end = mask0.argmax(),n-mask0[::-1].argmax()
    row_start,row_end = mask1.argmax(),m-mask1[::-1].argmax()
    row_start = max(0,row_start-margin)
    col_start = max(0,col_start-margin)
    return img[row_start:row_end+margin,col_start:col_end+margin]


comb = load_pair('P28_L_CM_MLO.jpg','L')


plt.imshow(comb)
plt.show()
"
