Image Filename,Concise and Factual,Friendly and Approachable,Technical and Detailed,Insightful and Analytical,Casual and Humorous,Neutral and Objective
arc_diagram.png,"An arc-diagram titled ""Star Wars: Character Dialogues"" shows character dialogue volumes and interactions across Episodes IV, V, and VI. Han and Luke have the largest dialogue volumes and the thickest connecting arc indicating the most interaction, while Ben and Vader have the smallest volumes, and character word usage is detailed by episode in the bottom section.","A **Star Wars: Character Dialogues Arc-diagram** shows how characters interact and speak across Episodes IV, V, and VI. It highlights that Han, Leia, and Luke are central, having the most dialogue and the strongest connections, with a noticeable peak in dialogue activity during Episode V for many characters.","A Star Wars: Character Dialogues Arc-diagram visualizes character interactions and dialogue distribution across Episodes IV, V, and VI. The horizontal axis displays characters like Han, Luke, Leia, and Vader, with semi-circles above them showing their dialogue proportion per episode (IV in light green, V in cyan, VI in dark grey). Han and Luke exhibit the highest overall dialogue, with Han dominant in Episodes IV and V, and Luke primarily in V and VI. Thick arcs indicate significant dialogue connections, notably between Han, Leia, and Luke, as well as between Luke and Vader. Below each character, frequently used words are listed, with ""father"" notably appearing in both Luke's and Leia's common dialogue.","A Star Wars: Character Dialogues Arc-diagram illustrates the interactions and dialogue shares of characters across Episodes IV, V, and VI. Han, Luke, and Leia dominate the dialogue, especially in Episode V (lime green), and exhibit the most frequent interactions, while also highlighting common words used by each character.","An arc-diagram titled 'Star Wars: Character Dialogues' shows a whole galactic council of characters along the bottom, with big, bold arcs connecting who talked to whom the most across Episodes IV, V, and VI. You can even peek at their most common words, revealing, perhaps unsurprisingly, Luke's prominent use of 'father' in Episode V – a classic moment, indeed!","A Star Wars: Character Dialogues Arc-diagram shows character interactions and dialogue distribution across episodes IV, V, and VI. The thickest arcs indicate high interaction between characters like Han and Luke, while the thinnest arcs show minimal dialogue, such as between Ben and Threepio; Han and Luke have the largest total dialogue volume, largely in episodes IV and V, with Ben having the least, almost exclusively in episode IV."
area_graph.png,"A stacked area distribution chart titled Global Income Distribution 2011 displays the population distribution by yearly income for different regions. The chart shows high population densities around $1,000-$2,000, largely from China, and a second peak at higher incomes for Developed Countries, with Sub-Saharan Africa concentrated at the lowest income levels below $500.","A stacked area chart titled ""Global Income Distribution 2011"" shows that in 2011, a large portion of the world's population, particularly in India and China, had lower to middle yearly incomes peaking around $1,000 to $2,000, while the highest incomes were predominantly found in Developed Countries.","A stacked area chart titled ""Global Income Distribution 2011"" illustrates the global distribution of yearly income per person across various regions, with the x-axis showing income on a logarithmic scale from 100$ to 60,000$ and the y-axis scaled to represent population size. The distribution is bimodal, peaking around 1,000$-2,000$ driven by India and China, and again around 10,000$-20,000$ by Developed Countries. Sub-Saharan Africa and a part of India show the lowest incomes, with many individuals falling below or near the poverty line of 456$ yearly (1.25$ per day). This visualization clearly depicts a significant global income gap, with large populations concentrated in lower-middle and high-income brackets.","A stacked area distribution titled Global Income Distribution 2011 illustrates the bimodal global income spread in 2011, showing large populations in India and China in the lower-to-middle income brackets peaking around $1,000-$2,000, while Developed Countries cluster at higher incomes and a substantial portion of Sub-Saharan Africa remains near or below the $456 yearly poverty line.","A stacked area chart titled ""Global Income Distribution 2011"" shows how the world's population (up the y-axis) stacks up across different yearly income levels (along the x-axis). It's a real camel's hump of a chart, with huge numbers of people in India and China at the lower-to-mid income levels, while the Developed Countries form a much smaller but higher-earning peak, showing that global middle class is still, well, a work in progress!","A stacked income distribution plot titled Global Income Distribution 2011 illustrates the distribution of yearly income per person across different regions, where the area of each region's curve represents its population size. Incomes range from $100 to $60,000, with a poverty line marked at $456 annually."
bar_chart.png,"A grouped bar chart titled 'Flavor Preferences by Gender' shows the highest count for Female Chocolate preference at approximately 37, and the lowest count for Female Vanilla preference at approximately 12. Males show the highest preference for Vanilla at approximately 32 counts, while Strawberry preference is similar between genders and female chocolate preference is higher than male chocolate preference.","A grouped bar chart titled ""Flavor Preferences by Gender"" shows distinct patterns: females most prefer chocolate, while males show a strong preference for vanilla. The highest preference overall is for female chocolate lovers, and the lowest is for female vanilla lovers.","A grouped bar chart titled 'Flavor Preferences by Gender' displays the count of preferences on the Y-axis, ranging from 0 to 40, against different genders (Female in pink, Male in blue) for Chocolate, Strawberry, and Vanilla flavors on the X-axis. Female preference for Chocolate is the highest overall at approximately 37 counts, while Male preference for Vanilla is also high at around 32 counts. The lowest preference is Female for Vanilla, at about 12 counts. Females show a strong preference for Chocolate, while males significantly prefer Vanilla, and Strawberry preferences are similar for both genders.","A grouped bar chart titled ""Flavor Preferences by Gender"" shows that Chocolate is most preferred by females (around 37 counts) and Vanilla is most preferred by males (around 32 counts), with the lowest preference being for Vanilla among females (around 12 counts). This indicates a clear gender-based divergence in flavor preferences, with females preferring chocolate and males preferring vanilla.","A grouped bar chart titled ""Flavor Preferences by Gender"" shows the count of individuals who prefer chocolate, strawberry, or vanilla, split by gender. Turns out, women are flocking to chocolate, men are all about that vanilla, and strawberry? Well, that's just a sweet, even split!","A grouped bar chart titled 'Flavor Preferences by Gender' displays the count of preferences for Chocolate, Strawberry, and Vanilla flavors across genders. The highest preference is Female for Chocolate with a count of 37, and the lowest preference is Female for Vanilla with a count of 12."
box_and_whisker_plot.png,"A box plot shows Revenue across Bay Area, Central, Northern, and Southern regions. Revenue ranges from approximately 0 to 2.6 million with outliers, and median revenues cluster between 0.9 million (Central) and 1.1 million (Bay Area, Northern, Southern).","A box and whisker plot shows Revenue across four regions: Bay Area, Central, Northern, and Southern. Most regions have median revenues around 1.1 million, with the Southern region exhibiting the widest range from near zero to over 2.5 million, while the Central region shows the most consistent revenue.","A box plot shows Revenue on the Y-axis, ranging from 0 to 2.5M, across four regions on the X-axis: Bay Area, Central, Northern, and Southern. All regions exhibit similar median revenues around 1M to 1.1M, with Southern showing the widest overall distribution, spanning from outliers near 50K to peaks around 2.6M. The Bay Area also includes a low outlier at 0 and high outliers up to 2.6M, while Central and Northern regions display slightly tighter core distributions but still include several outliers at both high and low ends of their revenue ranges.","A box plot shows the distribution of Revenue across four regions. All regions exhibit similar median revenues around $1.0-1.1 million, with the Bay Area and Southern regions displaying the widest overall revenue ranges including outliers up to approximately $2.6 million, while Central and Northern regions have slightly narrower interquartile ranges.","A box plot, operating on a first-name basis with no title, lays out the distribution of Revenue across different Regions. Turns out, while everyone's median revenue is chilling around the same spot, the Southern and Bay Area regions are quite the thrill-seekers with revenues that stretch from almost nothing to way, way up, complete with some wild outliers!","A box plot displays revenue distribution for Bay Area, Central, Northern, and Southern regions. Median revenues are consistently around 1.0M to 1.1M, with the lowest overall value observed at approximately 0 and the highest at approximately 2.6M."
brainstorm.png,N/A,"A mind map titled ""Project Ideas"" visually organizes a brainstorming session, showing a central topic with radiating branches for categories like ""Key Words,"" ""Audience,"" and ""Style,"" with ""Key Words"" and ""Style"" appearing to be the most developed areas.","A mind map titled ""Project Ideas"" shows a central topic branching out into seven main categories. These categories include ""Key Words,"" ""Audience,"" ""Size,"" ""Style,"" ""Medium,"" ""Colours,"" and ""Love."" Each main category further expands into numerous sub-ideas; for example, ""Audience"" includes ""Age"" (Children, Adults, Seniors) and ""Income,"" while ""Colours"" lists options like ""Pastel,"" ""Red,"" and ""Blue."" The arrows indicate conceptual connections and hierarchical relationships, illustrating a brainstorming process for project development.","A mind map titled Project Ideas shows a central concept branching into six main categories: Key Words, Audience, Size, Style, Medium, and Colours. It details various aspects for brainstorming, with the 'Key Words' and 'Style' categories having the most extensive sub-branches, while 'Size' presents the fewest, providing a comprehensive overview for developing project concepts.","A mind map titled ""Project Ideas"" shows a brainstorm of concepts spiraling out from the center, with categories like ""Audience,"" ""Style,"" and ""Colours"" branching into more specific thoughts, plus a delightful detour into ""Love"" that goes straight for the ""Heart.""",N/A
bubble_chart.png,"A bubble chart titled Technology Markets In North America shows cities plotted by Average Technology Salary and Growth in Technology Jobs (2012-2017), with bubble size indicating Total Tech Jobs. The SF Bay Area has the highest average salary, Toronto has the highest job growth and largest total tech jobs, while Montreal has the lowest average salary and Boston the lowest job growth.","A bubble chart titled ""Technology Markets In North America"" compares average technology salaries and job growth in North American cities from 2012-2017, with larger bubbles indicating more total tech jobs. The SF Bay Area has the highest average salary and the largest number of tech jobs, while Toronto shows the highest job growth at a significantly lower average salary, highlighting a diverse landscape of tech markets with varying cost-growth dynamics.","A bubble chart titled ""Technology Markets In North America"" plots Average Technology Salary on the Y-axis and Growth in Technology Jobs (2012-2017) on the X-axis, with bubble size indicating the total number of tech jobs. The chart categorizes cities into quadrants by color: High Growth & Cost (orange), High Growth Low Cost (green), Low Growth & Cost (dark blue), and Low Growth High Cost (grey). The SF Bay Area stands out with the highest average salary (above $130,000) and significant growth (30-35%), representing the largest number of tech jobs. Toronto shows the highest growth (over 50%) with moderate salaries, while Montreal has high growth but the lowest salaries (around $75,000).","A bubble chart titled ""Technology Markets In North America"" visualizes North American tech markets by average salary (y-axis), job growth (x-axis), and total tech jobs (bubble size), categorized into four quadrants by growth and cost. The SF Bay Area has the highest average salary and one of the largest job markets, while Toronto exhibits the highest growth in tech jobs at a significantly lower average salary.","A bubble chart titled ""Technology Markets In North America"" shows off average tech salaries going up, and job growth from 2012-2017 going right, with bigger bubbles for more jobs. The big takeaway? While the SF Bay Area is still the high-roller for salaries, Toronto is the surprise MVP, boasting off-the-charts growth with surprisingly low wage costs – talk about a glow-up!","A bubble chart titled ""Technology Markets In North America"" displays average technology salary against growth in technology jobs (2012-2017), with bubble size indicating total tech jobs. Salaries range from approximately $75,000 (Montreal) to over $130,000 (SF Bay Area), and job growth ranges from -5% (Boston) to over 50% (Toronto), while the SF Bay Area has the largest number of tech jobs and Phoenix appears to have among the fewest."
bubble_map.png,"A bubble map titled Gasoline Prices in United States in July 2022 shows that California has the highest gasoline prices in July, while Idaho and Utah exhibit the largest percentage increases from February. Prices in July are generally lower in the Midwest, and price increases from February are smaller in the Northeast and Southeast.","A bubble map titled ""Gasoline Prices in United States in July 2022"" shows gasoline prices across US states, where the size of each bubble represents the price in July and its color indicates the percentage change from February 2022. States like Idaho and Utah show the largest price increases (red bubbles), while California has a very high price but a smaller percentage increase (large dark green bubble), and the Northeast generally shows smaller increases.","A bubble map titled ""Gasoline Prices in United States in July 2022"" visualizes gasoline prices across US states. The size of each bubble represents the price in July 2022, with California and Hawaii showing the highest absolute prices. The color indicates the percentage change from February 2022, with red signifying the highest increases (e.g., Idaho and Utah) and dark green representing relatively lower, yet still positive, increases (e.g., Florida at 22.43%). Prices increased across the United States from February to July 2022, with Western Mountain states seeing the largest percentage increases and coastal states like California and Florida experiencing high absolute prices but comparatively smaller percentage jumps.","A bubble map titled ""Gasoline Prices in United States in July 2022"" shows gasoline prices for each state, with bubble size representing the price in July and color indicating the percentage change from February 2022. Gasoline prices generally increased across all states, with the largest percentage increases (red bubbles) observed in states like Idaho and Utah, while California had some of the highest absolute prices (largest bubble) and states in the Northeast and Hawaii saw smaller percentage increases (dark green bubbles).","A bubble map titled ""Gasoline Prices in United States in July 2022"" shows U.S. states, with bubble size indicating gas prices in July and color showing price changes from February. It looks like prices were mostly on an uphill climb, with red states seeing the steepest increases, and even the ""green"" states got in on the action with their own price hikes – no real discounts to be found, sorry!","A bubble map titled 'Gasoline Prices in United States in July 2022' shows states as circles, with color indicating the percentage change in price from February 2022, ranging from dark green for smaller changes to red for larger changes. California's circle is the largest, suggesting a high price, and Florida's July price was $4.269, representing a 22.43% increase."
bullet_graph.png,"A Bullet Chart titled ""Actual and Budget Sales per Product"" displays actual sales, represented by colored bars, compared to budget sales, shown as grey bars and black lines, for 13 different products. The highest actual sales are for Colombian product at approximately $67K, the lowest for Regular Espresso at approximately $11K, and some products exceed their budget (orange bars) while others fall below (blue bars).","A bullet chart titled ""Actual and Budget Sales per Product"" compares actual sales, shown in blue when near budget and orange when significantly different, against their budget targets. ""Colombian"" shows the highest sales, greatly exceeding its budget, while ""Amaretto"" has the lowest sales, falling short of its goal.","A horizontal bar chart titled 'Actual and Budget Sales per Product' displays sales figures for various products, comparing actual sales (represented by colored bars) against budget targets (indicated by a light grey background bar and a black line). The vertical axis lists product names, while the horizontal axis shows Sales in dollars, ranging from $0K to $70K. Colombian product sales are a significant outlier, peaking at approximately $66,000, notably exceeding its budget, which is much higher than other products. Conversely, Regular Espresso has the lowest actual sales at about $11,000, and a majority of products, including Caffe Latte, Darjeeling, and Lemon, fell short of their sales targets, indicated by their blue actual sales bars. Only a few products like Amaretto, Caffe Mocha, Colombian, and Decaf Irish Cream managed to exceed their budgets, represented by orange actual sales bars.","A horizontal bar chart titled ""Actual and Budget Sales per Product"" compares actual sales (blue and orange bars) against budget sales (grey background bars and black markers) for various products. Colombian coffee has the highest actual sales at around $67.5K, significantly exceeding its budget, while Regular Espresso has the lowest actual sales at approximately $11K, meeting its budget.","A bullet chart titled ""Actual and Budget Sales per Product"" shows how various products stacked up against their sales targets. It seems some items, like Colombian, absolutely crushed their budget goals, while others, bless their hearts, just didn't quite reach that finish line.","A horizontal bar chart titled ""Actual and Budget Sales per Product"" shows actual sales (represented by blue or orange bars) against budget targets (marked by black vertical lines) for various products. Actual sales range from approximately $11,000 for Regular Espresso to $62,000 for Colombian, with some products exceeding and others falling short of their budget."
calendar.png,"A calendar titled May 2014 shows scheduled events across each day of the month, with a consistent trend of multiple classes listed on weekdays and fewer or no events on weekends. Specific highlighted events include 'John's birthday party' on April 29th, 'Mum's birthday' on May 8th, and a 'Costume party' on May 24th.","A calendar titled ""May 2014"" shows a daily schedule of activities and classes, running from the end of April into early June. Weekdays are typically filled with multiple classes, while weekends feature recreational activities or free time, with specific events like birthdays and a ""Costume party"" highlighted.",N/A,N/A,"A calendar titled ""May 2014"" shows a month jam-packed with classes like Math, English, and Physics, occasionally broken up by delightful events like ""John's birthday party,"" ""Mum's birthday,"" a ""Costume party,"" and a much-needed ""Sleep"" day on Sundays—talk about work-life balance!","A calendar titled May 2014 shows daily scheduled events, with weekdays generally featuring multiple classes and weekends having fewer or different activities. The maximum number of events listed on a single day is four, while the lowest is zero for several days."
candlestick_chart.png,"A candlestick chart titled Bitcoin Price by Minute shows Bitcoin prices fluctuating between a low of below $26,990 and a high of nearly $27,100 over a period from 02:00 to 02:58. The chart displays an initial price decline, followed by a period of fluctuation, and a sharp increase in price from approximately 02:44.","A candlestick chart titled ""Bitcoin Price by Minute"" tracks Bitcoin's value over an hour, showing the price dip to a low around $26,980 before sharply rising to a high near $27,100 towards the end of the period, indicating significant volatility with an overall upward trend.","A candlestick chart titled 'Bitcoin Price by Minute' displays price on the Y-axis, ranging from approximately $26,970 to $27,100, against time on the X-axis, from 02:00 to 02:58. The price initially fluctuates with several dips and recoveries, reaching a low of approximately $26,980 around 02:32. A significant upward trend then begins around 02:44, leading to a rapid surge in price that peaks above $27,090 around 02:51. After this sharp rise, the price shows some volatility but generally maintains a higher level towards the end of the displayed period.","A candlestick chart titled ""Bitcoin Price by Minute"" displays the price of Bitcoin over approximately one hour, from 02:00 to 02:58. The price fluctuated, reaching a minimum of approximately $26,978 around 02:32 and a maximum of nearly $27,100 around 02:51 and 02:57, with a notable sharp increase in value occurring after 02:48.","A candlestick chart titled ""Bitcoin Price by Minute"" shows Bitcoin's price doing a little dance, with lots of ups (green candles!) and downs (red ones!), before suddenly deciding to skyrocket like it just chugged an energy drink around the 02:50 mark.","A candlestick chart titled ""Bitcoin Price by Minute"" shows the price fluctuating between approximately $26,980 and $27,040 for the first half of the period, followed by a sharp increase from around 02:46 onwards. The highest price observed is approximately $27,099 and the lowest price is approximately $26,979."
chloropleth_map.jpg,"A choropleth map titled ""Percentage of Country's Population Living in Urban Areas, 2016"" shows that North America, most of South America, Western Europe, Australia, and Japan have high percentages of their population living in urban areas, represented by dark red. Conversely, many countries in Africa and parts of South Asia show lower percentages, indicated by lighter orange and yellow hues, with some areas marked as having no data.","A choropleth map titled ""Percentage of Country's Population Living in Urban Areas, 2016"" shows that North and South America, Western Europe, and Australia have very high urban populations. In contrast, many countries in Africa and parts of Asia show lower percentages, indicating a global pattern where more developed regions tend to be highly urbanized.","A choropleth map titled 'Percentage of Country's Population Living in Urban Areas, 2016' displays global urbanization levels. The map uses a color gradient from light yellow representing 0% urban population to dark red representing 100%, with grey indicating no data. Countries with the highest percentages, shown in dark red, include most of North America, Western Europe, Australia, Japan, and much of South America. Conversely, many nations in Sub-Saharan Africa and parts of South and Southeast Asia appear in lighter shades, indicating lower urban populations. The visualization highlights a general trend where more developed regions tend to exhibit higher rates of urbanization.","A choropleth map titled 'Percentage of Country's Population Living in Urban Areas, 2016' shows that highly developed regions like North America, Western Europe, and Australia have very high urban populations (dark red), while many countries in Central Africa and parts of South Asia show the lowest percentages (light yellow). This highlights a significant global disparity in urbanization levels, often correlating with economic development.","A choropleth map titled 'Percentage of Country's Population Living in Urban Areas, 2016' shows off which countries are bustling urban jungles (dark red) versus those with more rural charm (lighter orange). It looks like most of the Americas, Europe, and Australia are pretty packed, while parts of Africa and Asia are still enjoying the wide-open spaces, and some places are just plain shy about their data!","A choropleth map titled 'Percentage of Country's Population Living in Urban Areas, 2016' displays global urbanization rates. The map uses a color gradient from 0% (light orange/yellow) to 100% (dark red/orange), showing higher percentages in North and South America, Europe, and Australia, and lower percentages in many parts of Africa and Asia, with some areas marked as ""No Data""."
chord_diagram.jpg,"A chord diagram titled 'World's Top Export Countries (2019)' displays export values and relationships for ten countries. China, P.R.: Mainland has the maximum total export value at 1.0M, while the United Kingdom has the minimum at 238.8k, with numerous bilateral export flows shown between all listed countries.","A chord diagram titled ""World's Top Export Countries (2019)"" illustrates the export relationships between several nations. It highlights China, the United States, and Germany as the biggest exporters among those listed, with all countries showing complex and interconnected trade flows.","A Chord Diagram titled ""World's Top Export Countries (2019)"" illustrates the bilateral export flows between ten major global economies. Countries are represented by segments around the circle, with the width of each segment indicating their total export value. China, P.R.: Mainland holds the peak export value at 1.0 million, while the United Kingdom registers the lowest among the visible countries at 238.8 thousand. Colored ribbons connect these countries, where the width of each ribbon signifies the volume of exports flowing between them, highlighting strong trade relationships such as those between the United States and China.","A Chord Diagram titled 'World's Top Export Countries (2019)' illustrates the export relationships between ten major countries, with the thickness of the bands indicating export volume. China, P.R.: Mainland is shown as the top exporter with 1.0 million, while the United Kingdom is the lowest with 238.8 thousand, revealing significant bilateral trade flows among these nations, especially involving the United States, China, and Germany.","A chord diagram titled ""World's Top Export Countries (2019)"" shows who's shipping what to whom among top nations, visualizing how much money is flowing around like a global spaghetti network, with China and the US clearly dominating the export game.","A chord diagram titled ""World's Top Export Countries (2019)"" illustrates export values and trade relationships among ten countries. The visualization shows China, P.R.: Mainland, and the United States as having the largest export volumes, with values reaching an implied 1.0M and 734.5k respectively, while the United Kingdom has the lowest displayed export value at 238.8k."
circle_packing.png,"A circle packing chart titled '100 Richest People, According to Forbes' displays countries as large circles containing smaller circles representing individuals. The United States bubble is the largest, containing the most and some of the largest individual circles, while countries such as Chile and Austria contain the fewest and smallest individual circles.","A packed bubble chart titled ""100 Richest People, According to Forbes"" shows the distribution of the world's wealthiest individuals by country. The United States has by far the largest representation, followed by countries like China, France, Germany, and India, while many other countries contribute only a few or one of the richest people.","A nested circle packing chart titled ""100 Richest People, According to Forbes"" illustrates the distribution of these individuals by country or region, where outer circles represent countries and inner circles represent individuals. The United States shows the peak representation, featuring the largest outer circle containing numerous smaller circles. Conversely, countries like Chile, Italy, Sweden, Singapore, Russia, Austria, and Mexico represent the lowest values, each depicted by small outer circles containing only one or two individuals. This visualization does not use axes or display directional trends, but clearly highlights the concentrated presence of the wealthiest individuals in a few key nations.","A bubble chart titled ""100 Richest People, According to Forbes"" visualizes the geographical distribution of the wealthiest individuals. The United States clearly dominates with the largest cluster of individuals among the top 100, while countries such as Chile, Italy, and Sweden have a minimal presence, highlighting a significant concentration of global wealth in a few nations.","A bubble chart titled ""100 Richest People, According to Forbes"" lays out which countries are home to the super-wealthy, showing the U.S. absolutely dominating with a cluster of big bucks, while other nations like France have fewer but surprisingly large individual fortunes.","A nested bubble chart titled ""100 Richest People, According to Forbes"" illustrates the national distribution of the richest individuals. The highest concentration of individuals is from the United States, while countries such as Chile, Italy, Sweden, and Singapore have the fewest representatives."
connection_map.png,"A network map titled The network shows migration routes across Africa, the Middle East, and Europe, categorized by region and route importance. It depicts main migration hubs such as Agadez, Tripoli, Istanbul, Cairo, and Nairobi, with the East Africa and Eastern Mediterranean routes showing the highest density of major pathways.","A network map titled ""The network"" shows a complex web of major and minor migration routes across Africa, the Middle East, and Europe. It highlights prominent hubs like Agadez, Tripoli, Istanbul, and Nairobi, with the most significant flows appearing on the Central Mediterranean (blue) and East Africa (red) routes, indicating extensive movement primarily from African and Middle Eastern countries often heading towards Europe.","A network map titled 'The network' illustrates migration routes across Europe, North Africa, and the Middle East, with a geographical scale provided. The map uses colored lines to categorize routes by region (e.g., East Africa, Central Mediterranean), while line thickness indicates major versus minor routes. Prominent migration hubs, such as Agadez in Niger and Istanbul in Turkey, serve as key convergence points for these routes. Overall, the map depicts significant northward and westward trends of migration, particularly from sub-Saharan Africa and the Middle East towards European destinations, with the thickest lines representing the most utilized pathways.","A network map titled ""The network"" shows major and minor migration routes across Africa, the Middle East, and Europe, categorized by region. It highlights key migration hubs like Agadez in Niger, Tripoli in Libya, Istanbul in Turkey, and Nairobi in Kenya, with the densest and most prominent major routes concentrated in the Central Mediterranean (blue) and East Africa (red) regions.","A network map titled ""The network"" shows a fascinating, colorful web of migration routes snaking across Africa, the Middle East, and Europe, with thicker lines highlighting the major highways and big cities like Agadez and Istanbul acting as bustling bus stops for folks on the move.","A network map titled 'The network' illustrates various migration routes across Africa, the Middle East, and Europe, categorized by regional networks such as West Africa, Western Mediterranean, Central Mediterranean, Eastern Mediterranean, and East Africa. The map shows a dense network of major and minor routes originating from and connecting cities across North and East Africa, with fewer direct routes depicted in some areas of Central Africa."
density_plot.png,"A density plot shows the distribution of 'yield' across six different 'sites'. Duluth has the highest density peak at approximately 0.08 around a yield of 30, while the yield distributions generally shift from lower values for Grand Rapids (starting around 15) to higher values for Waseca (extending up to 65).","A density plot shows the distribution of 'yield' for six different sites. It highlights that sites like Duluth have a strong concentration of yields around 30, while Waseca shows the highest yields, broadly distributed up to around 65.","A multi-density plot shows the distribution of ""yield"" on the x-axis, ranging from approximately 15 to 65, against ""density"" on the y-axis, from 0.00 to 0.08, for six different sites. The distributions are color-coded, with Grand Rapids and Duluth showing lower typical yields peaking between 20-30, and Waseca and Crookston showing higher typical yields peaking between 40-50. Duluth has the highest density peak, reaching approximately 0.08 at a yield of about 30. There is a clear trend of increasing median or modal yield across the sites, shifting from Grand Rapids and Duluth on the lower end to Morris, Crookston, and Waseca on the higher end, with significant overlap between distributions.","A series of overlapping density plots illustrates the distribution of 'yield' across six different sites. The maximum density for 'yield' varies significantly by site, with Duluth showing the highest density around 32, while Waseca's yield distribution peaks around 47 and extends to the highest yields observed, indicating distinct yield profiles for each location.","A density plot shows the distribution of 'yield' across different sites, where the higher the curve, the more common that yield is. It looks like some places, like Duluth, prefer to keep their yields on the lower, cozier side, while Waseca is out there pushing for the big numbers, and surprisingly, University Farm seems to have two different favorite yield ranges!","A density plot shows the distribution of 'yield' for six different sites: Grand Rapids, Duluth, University Farm, Morris, Crookston, and Waseca, with 'density' on the y-axis. The distributions for each site show varying peaks and spreads, with 'yield' values ranging from approximately 15 to 65, and 'density' values ranging from 0 to a peak of about 0.08 for the Duluth site."
donut_chart.png,"A donut chart titled PERSONAL ACCOUNTING shows the percentage of personal expenses, with Rent representing the largest portion at 49% and Phone the smallest at 6%.","A donut chart titled ""PERSONAL ACCOUNTING"" shows a breakdown of expenses, with Rent being the largest portion at 49% and Food at 20%. Other categories like Utilities (9%), Leisure (8%), Clothes (7%), and Phone (6%) make up smaller shares, indicating that essential living costs are the biggest part of the budget.","A donut chart titled Personal Accounting shows the breakdown of various personal expenses. Rent accounts for the largest portion at 49%, while Food is the second largest at 20%. Other expenses include Utilities at 9%, Leisure at 8%, and Clothes at 7%, with Phone being the lowest expense category at 6%. The visualization clearly indicates that rent is the predominant expenditure, followed significantly by food costs.","A donut chart titled ""PERSONAL ACCOUNTING"" shows the breakdown of expenses, with Rent being the maximum at 49% and Phone being the minimum at 6%. The general trend indicates that housing costs (Rent) consume nearly half of the personal accounting, significantly outweighing all other categories combined.","A donut chart titled ""Personal Accounting"" hilariously shows that rent consumes nearly half (49%) of your pie, making food (20%) look like a mere snack, while your phone, clothes, leisure, and utilities squabble over the tiny leftovers.","A donut chart titled ""PERSONAL ACCOUNTING"" shows the distribution of expenses, with Rent as the largest category at 49% and Phone as the smallest at 6%. Other categories include Food (20%), Utilities (9%), Leisure (8%), and Clothes (7%)."
dot_map.png,"A dot map titled U.S. Public Libraries shows individual public library locations across the United States. The highest density of libraries is observed in the Northeast and Great Lakes regions, as well as along the California coast, while the lowest density is in the Mountain West states.","A geographic map titled ""U.S. Public Libraries"" displays the locations of public libraries across the United States. It shows a high concentration of libraries in the more populated eastern U.S. and along the West Coast, with significantly fewer libraries in the vast, less populated western interior.","A point map titled U.S. Public Libraries shows the geographic distribution of public libraries across the United States. Libraries are densely concentrated in the Northeast, parts of the Midwest, and along the West Coast, particularly in metropolitan areas like California. In contrast, the Rocky Mountain states and parts of the Great Plains show a much sparser distribution of libraries. The overall trend indicates that the number of public libraries generally correlates with population density, with a higher concentration in the eastern half of the country.","A dot map titled U.S. Public Libraries shows the geographic distribution of public libraries across the United States. It highlights that library density is highest in the Northeast, Midwest, and along the West Coast, while being sparser in the Mountain West and less populated regions, generally correlating with population distribution.","A dot map titled ""U.S. Public Libraries"" shows how library locations really stack up across the country: lots of cozy reading nooks are clustered tight in the Northeast and on the coasts, but out in the vast Mountain West, you might have to search a bit longer for your next best seller.","A point map titled ""U.S. Public Libraries"" displays the geographic distribution of public libraries across the United States. The map shows a high concentration of libraries in the Northeast, Midwest, and along the California coast, while areas like the Mountain West and Alaska exhibit a lower density of libraries."
dot_matrix_chart.jpg,"A grouped pictogram chart displays the percentage of respondents' internet use across different eligibility statuses and response frequencies. The maximum value is 44% for 'not eligible for' respondents who 'Used internet to' and answered 'Always or Often', while the minimum is 15% for 'not eligible for' respondents who 'Used internet to' and answered 'Sometimes or Never'; a trend shows that 'Used internet to' percentages are consistently higher than 'Did not use internet to' for 'Always or Often' responses across all eligibility groups.","A grid of pictogram charts shows the percentage of respondents who used or did not use the internet for a favorite item, broken down by how often they favor it and their eligibility status. The data reveals that among those who ""Always or Often"" favor the item, the ""not eligible"" group has the highest internet usage (44%), whereas for those who ""Sometimes or Never"" favor it, the ""not eligible"" group shows the lowest internet usage (15%), indicating varying patterns across categories.","A comparative icon array visualization presents percentages of respondents based on whether they 'Used internet to [redacted]' (dark blue/brown dots) or 'Did not use internet to [redacted]' (light blue/brown dots), grouped by their response frequency ('Always or Often' in the top rows, 'Sometimes or Never' in the bottom rows) and overall eligibility status ('All', '[redacted] eligible for [redacted]', '[redacted] not eligible for [redacted]'). The highest value shown is 44% for the 'not eligible for [redacted]' group who 'Used internet to [redacted]' and responded 'Always or Often'. Conversely, the lowest value is 15% for the same 'not eligible for [redacted]' group who 'Used internet to [redacted]' but responded 'Sometimes or Never'. This distinct pattern highlights a strong tendency for the 'not eligible for [redacted]' group to respond 'Always or Often' when they 'Used internet to [redacted]', significantly more than other segments.","A pictogram chart titled ""Percentage of who responded that:"" illustrates the frequency of internet usage for a favorite activity across different groups based on eligibility and internet use. The data reveals that the highest percentage (44%) belongs to those ""not eligible for"" who ""Used internet to"" for their favorite activity ""Always or Often"", while the lowest is 15% for the same ""not eligible for"" group who ""Used internet to"" for their favorite activity ""Sometimes or Never"", indicating a strong positive correlation between not being eligible for something and consistently using the internet for their favorite activity.","A grid of cheerful dot charts, vaguely titled ""Percentage of who responded that,"" shows people who ""Used internet to [something]"" are generally more likely to ""Always or Often"" have a favorite [something], with a surprising spike in ""Always or Often"" responses for the ""not eligible for [something]"" internet users, making them the real enthusiasts.","A multi-panel pictogram chart titled ""Percentage of who responded that:"" displays respondent data segmented by internet usage and eligibility status, indicating how often something is considered a ""favorite."" The highest value observed is 44% for the ""not eligible for"" group who ""Used internet"" and reported ""Always or Often"" favorite, while the lowest value is 15% for the ""not eligible for"" group within one of the ""Sometimes or Never"" favorite categories."
error_bars.png,"A bar chart shows mean anxiety levels across four conditions: 'Baseline No Dog', 'After 30 minutes No Dog', 'Baseline Dog', and 'After 30 minutes Dog'. The highest mean anxiety is observed at 'Baseline Dog' (approximately 6.7) and the lowest at 'After 30 minutes Dog' (approximately 3.6), with mean anxiety decreasing over 30 minutes in both conditions, though more substantially in the 'Dog' condition.","A bar chart shows mean anxiety levels across two conditions: ""No Dog"" and ""Dog,"" measured at ""Baseline"" and ""After 30 minutes."" The highest mean anxiety is observed at baseline in the ""Dog"" group (around 6.8), while the lowest is after 30 minutes in the ""Dog"" group (around 3.6), indicating a much larger decrease in anxiety when a dog is present compared to when no dog is present.","A bar chart shows ""Mean anxiety"" on the y-axis, ranging from 0 to 8, across conditions on the x-axis: ""No Dog"" (Baseline and After 30 minutes) and ""Dog"" (Baseline and After 30 minutes). Mean anxiety under the ""No Dog"" condition slightly decreases from approximately 6.0 at Baseline to 5.1 after 30 minutes. In contrast, under the ""Dog"" condition, anxiety experiences a more substantial drop from a peak of around 6.7 at Baseline to a low of approximately 3.6 after 30 minutes, indicating a notable reduction in anxiety when a dog is present.","A bar chart shows mean anxiety levels at baseline and after 30 minutes, comparing groups with and without a dog. Mean anxiety significantly decreases from a maximum of about 6.7 at baseline to a minimum of about 3.6 after 30 minutes in the 'Dog' group, suggesting that interaction with a dog leads to a greater reduction in anxiety compared to the 'No Dog' group, which showed only a minor decrease from about 6.0 to 5.1.","A bar chart showing mean anxiety levels really drives home that while anxiety barely budges without a furry friend, spending 30 minutes with a dog can drop your stress levels like a hot potato – apparently, pups are excellent at making those worry lines disappear!","A bar chart shows mean anxiety levels for 'No Dog' and 'Dog' conditions at 'Baseline' and 'After 30 minutes'. Mean anxiety in the 'No Dog' condition decreased from approximately 6.0 to 5.1, while in the 'Dog' condition, it decreased from approximately 6.7 to 3.6."
flow_chart.jpg,"A flowchart titled ""CAN I DUMP THIS PERSON BY TEXT?"" outlines a decision-making process through various ""Yes"" or ""No"" questions, concluding in 4 distinct ""Text OK"" outcomes and 4 distinct ""Text not OK"" outcomes.","A flowchart titled ""Can I Dump This Person by Text?"" shows a humorous decision tree guiding users through questions about a relationship to determine if it's acceptable to end it via text message. The overall pattern suggests that it's generally ""Text OK"" for less serious or complicated connections, but ""Text not OK"" for more established or intertwined relationships.","A flowchart titled ""CAN I DUMP THIS PERSON BY TEXT?"" presents a decision-making guide. It flows from a central question, ""Did you hang out more than three times?"", through a series of subsequent ""Yes"" or ""No"" questions about the relationship status and dynamics. The visualization uses a branching logic structure instead of traditional axes, leading the user down various paths. The outcomes are binary, concluding whether a ""Text OK"" or ""Text not OK"" breakup is appropriate based on the answers provided.","A flowchart titled ""CAN I DUMP THIS PERSON BY TEXT?"" shows a decision tree that guides users through a series of yes/no questions to determine if it is acceptable to break up with someone via text message. It generally concludes that texting is acceptable for less serious or more problematic relationships, while more established or potentially complicated connections warrant a different approach.","A decision tree titled ""CAN I DUMP THIS PERSON BY TEXT?"" maps out various awkward relationship scenarios with ""Yes"" or ""No"" questions, guiding you towards whether a text breakup is socially acceptable or, well, not. It hilariously considers everything from whether you went to the ""bone zone"" to if the person was in a coma, suggesting that if they're truly awful or you'll never see them again, a text is usually A-OK.","A flowchart titled ""CAN I DUMP THIS PERSON BY TEXT?"" outlines a decision-making process through a series of Yes/No questions about a relationship. The chart leads to one of two possible outcomes: ""Text OK"" or ""Text not OK."""
flow_map.png,"A historical flow map shows the global spread and key events of leprosy, smallpox, and malaria, tracing their timelines from malaria's earliest evidence at 30,000,000 BC to recent remaining smallpox stocks in 2009. The map indicates widespread global distribution for all three, with specific points highlighting significant outbreaks like Europe having nearly 19,000 leper colonies by c. 1200 and ongoing challenges such as a child dying of malaria every thirty seconds in Africa in 2009.","A historical world map shows the global spread of diseases like leprosy, smallpox, and malaria over thousands of years. It highlights their origins in Africa and the Middle East, tracing their interconnected paths across continents and noting key historical events related to their impact and control.","A historical flow map shows the global spread and significant events related to Leprosy, Smallpox, and Malaria across different historical periods. Leprosy, originating in East Africa around 40,000 BC, spread globally, peaking in Europe around 1200 AD with an estimated 19,000 leper colonies before the first effective drug was developed in 1941. Smallpox, traced to early agricultural settlements, also spread worldwide but underwent 20th-century eradication efforts, with its last known natural case in Somalia in 1977, though two stocks remain for potential biological weapon use. Malaria's earliest evidence is remarkably from 30 million BC, and it tragically remains a critical issue, particularly in Africa, where a child dies every thirty seconds.","A historical disease spread map shows the origins and global propagation of leprosy, smallpox, and malaria, with distinct colored paths tracing their spread across continents from ancient times, like leprosy's origin in East Africa circa 40,000 BC, to more recent events such as the last smallpox stocks in 2009 and the ongoing malaria burden in Africa. The visualization highlights how human movements, trade, and conquests facilitated the worldwide spread of these diseases over millennia, while also noting key medical interventions and eradication efforts.","A historical flow map charting the globe unrolls the epic, often grim, journeys of diseases like smallpox and leprosy over millennia, from their ancient origins to modern-day biological weapon concerns, with a side note that malaria's first evidence comes from a mosquito fossilized 30 million years ago – talk about a long-haul flight!","A historical flow map displays the global spread and key events of Smallpox, Leprosy, and Malaria across continents. The timeline ranges from the earliest mentioned event, 30,000,000 BC for Malaria in the Dominican Republic, to the latest, 2009, for Smallpox in the US and Siberia, and Malaria in Africa."
gantt_chart.jpg,"A Gantt chart shows 14 tasks scheduled across a timeline from April to the following March, with blue bars indicating task durations and arrows showing dependencies. ""Investigate Sources of Funding"" is the longest task, spanning approximately September through February, while several tasks, such as ""Company Incorporation & Initial Funding"" and ""Apply for Funding,"" are among the shortest, lasting approximately one month.","A Gantt chart displays a project timeline with 14 tasks spread across a year, from April to next March. Key activities like ""2nd Stage Marketing"" and ""Investigate Sources of Funding"" are among the longest, showing a clear progression from initial strategy and market research towards final funding applications.","A Gantt chart displays a project timeline, with 14 tasks listed vertically from 'Vision & Strategy' to 'Apply for Funding', and months horizontally from 'Apr' through 'Mar' of what appears to be a subsequent year, though the monthly sequence is unusual with 'Mar' appearing after 'Apr'. Blue bars represent task durations, indicating tasks like 'Investigate Sources of Funding' (Task 11) span several months, while others are brief. Arrows denote dependencies, showing a sequential progression of tasks from earliest to latest completion, with the project beginning around the first 'Apr' and concluding around the final 'Mar'.","A Gantt chart shows a project plan with 14 distinct tasks plotted against a timeline spanning 12 months, from an initial April to the following March. The longest task appears to be ""11. Investigate Sources of Funding,"" running from approximately October to February, while several tasks are very short, and the entire project culminates with ""14. Apply for Funding"" in the final month.","A Gantt chart shows a project's tasks, like ""Vision & Strategy"" and ""Apply for Funding,"" laid out across a year-long timeline from April to the following March. It's a busy schedule, with many tasks overlapping, and some just patiently waiting for others to finish their part of the dance.","A Gantt chart shows 14 project tasks spread across a timeline from April to the following March. The tasks generally progress chronologically with indicated dependencies, with the longest task, ""2nd Stage Marketing including LVMC"" (Task 6), spanning six months from July to December, while several tasks like ""Company Incorporation & Initial Funding"" (Task 2) and ""Apply for Funding"" (Task 14) are one month or less."
heatmap.png,"A table titled Sales, Profit and Orders per Month and Year shows monthly values for Count of Orders, Profit, and Sales from 2018 to 2021. Count of Orders and Sales generally trend upwards across the years, with Sales peaking at $118,448 in November 2021 and Count of Orders reaching 462 in December 2021, while Profit, with a maximum of $17,885 in December 2020, also shows a minimum (loss) of ($3,281) in January 2019.","A heatmap titled ""Sales, Profit and Orders per Month and Year"" displays monthly data from 2018 to 2021 across three metrics. It shows a general upward trend for both sales and the count of orders over the years, typically peaking in the later months, while profit values fluctuate but also see significant increases by 2021.","A heat map titled ""Sales, Profit and Orders per Month and Year"" displays monthly data from January to December for three categories: ""Count of Orders"", ""Profit"", and ""Sales"", across the years 2018 to 2021. Orders and Sales generally show a positive year-over-year trend, with orders peaking at 462 in December 2021 and sales reaching a high of $118,448 in November 2021, while the lowest order count was 46 in February 2018 and lowest sales were $4,520 in February 2018. Profit values are more volatile, including anomalies such as negative profits of ($841) in July 2018 and ($3,281) in January 2019, yet also reaching a peak of $17,885 in December 2020.","A heatmap titled Sales, Profit and Orders per Month and Year displays monthly data for orders, profit, and sales from 2018 to 2021, showing a clear seasonal pattern with peak performance in the last quarter (September-December) for all metrics. It highlights a general upward trend in orders and sales over the years, with the highest sales of $118,448 in November 2021 and highest profit of $17,885 in December 2020, though a loss of ($841) was recorded in July 2018.","A grid visualization titled ""Sales, Profit and Orders per Month and Year"" lays out the numbers, showing orders and sales generally climbed each year, hitting highs towards the end of the calendar. But watch out, profit decided to go rogue a few times, even showing a loss, which is always a fun surprise!","A heatmap table titled 'Sales, Profit and Orders per Month and Year' displays monthly data for Count of Orders, Profit, and Sales across the years 2018 to 2021. Orders and Sales generally show an increasing trend over time, while Profit values fluctuate, with the lowest overall value being a profit of ($3,281) in January 2019 and the highest overall value being sales of $118,448 in November 2021."
histogram.jpg,"A histogram titled 'Scores obtained in Mathematics' shows the number of students per score range. The highest count of 7 students is observed for scores between 50-60 and 60-70, while the lowest count of 2 students is for scores between 90-100.","A histogram titled ""Scores obtained in Mathematics"" shows that student scores are concentrated in the middle, with the highest number of students (7) scoring between 50-70, and the lowest number (2) scoring between 90-100.","A histogram titled ""Scores obtained in Mathematics"" displays the number of students on the Y-axis, ranging from 0 to 8, against score ranges on the X-axis, from 40 to 100. The peak number of students is 7, for scores between 50-60 and 60-70. The lowest number of students is 2, for scores between 90-100. The trend shows an initial increase, then a dip in the 70-80 range (3 students), followed by a rise to 6 students for 80-90 scores, and a final decrease.","A histogram titled ""Scores obtained in Mathematics"" shows the distribution of student scores, with the maximum number of students (7) scoring between 50-60 and 60-70, and the minimum number of students (2) scoring between 90-100. The general trend indicates that a large portion of students scored in the middle range (50-70), with fewer students achieving very high or very low scores.","A histogram titled ""Scores obtained in Mathematics"" shows off student performance, with the most students rocking scores between 50 and 70, then a bit of a dip in the 70s before picking up again for scores in the 80s. Seems like the 70s were a bit of a tricky spot for this math class!","A histogram titled ""Scores obtained in Mathematics"" displays the number of students achieving scores in different ranges. The highest number of students for a score range is 7 (for scores 50-60 and 60-70), and the lowest is 2 (for scores 90-100)."
illustration_diagram.png,N/A,N/A,N/A,"A process diagram illustrates the water cycle, showing water evaporating from the ocean under the sun, forming clouds that release precipitation as rain and snow over land. The water then flows back to the ocean via surface runoff and groundwater, demonstrating the continuous, cyclical movement of Earth's water, which does not present traditional numerical maximums or minimums.","A process diagram, a real overachiever with no title, shows water diligently ascending from the ocean as evaporation to form clouds, then gracefully descending as rain and snow onto the land before making its way back to the ocean, proving it's just one big, endless, wet road trip.",N/A
kagi_chart.png,"A Kagi chart titled APPLE INC, 5, BATS, Kagi [close, Traditional, 1] shows Apple Inc. stock prices from early 2017 to June 2017. The prices show an overall increasing trend from a minimum around $116 in early 2017 to a maximum above $155 in mid-May, followed by a decline and subsequent stabilization around $146.29.","A Kagi chart titled ""APPLE INC"" shows the stock's price from early 2017 to late June 2017, steadily rising from around $115 to a high near $157 in mid-May, followed by a decrease to about $145.","A Kagi chart titled ""APPLE INC, 5, BATS, Kagi [close, Traditional, 1]"" shows the closing price of Apple stock over time, from early 2017 to mid-July. The X-axis represents time, showing months like March, April, May, and June, while the Y-axis displays price ranging from approximately $115 to $157.50. The chart initially shows a strong uptrend from a low around $116 in early 2017 to a peak near $157 in mid-May. This is followed by a significant downtrend into early July, and then a more mixed trend, with the current price highlighted at $146.29. Green segments indicate rising prices, and red segments show falling prices, highlighting the price volatility.","A Kagi chart titled ""APPLE INC, 5, BATS, Kagi [close, Traditional, 1]"" displays the stock price of Apple Inc. from early 2017 through mid-2017, showing an overall uptrend from a minimum around $116 to a peak above $155 in May, followed by a sharp decline and subsequent fluctuating recovery to approximately $146.29. The green lines indicate rising prices and red lines falling prices, with reversals marked by a change in color.","A Kagi chart titled ""Apple Inc."" shows its stock price doing the robot dance, with green steps going up and red steps going down, like it just can't decide if it wants to climb a ladder or slide down a fire pole.","A Kagi chart titled ""APPLE INC, 5, BATS, Kagi [close, Traditional, 1]"" displays the price movement of Apple stock. The chart shows an initial increase from approximately 115.00 to a peak near 156.00, followed by a decline and subsequent fluctuations, with the last visible value at 146.29."
line_graph.png,"A line chart titled The Global Decline of Manufacturing shows the trend of manufacturing from 1980 to 2020 for China, India, United Kingdom, United States, Japan, and Germany. China begins with the highest value at 40 in 1980 and generally declines to approximately 27 in 2020, while the United Kingdom shows a consistent decline to below 10, and most countries demonstrate a general declining trend over the period.","A line chart titled ""The Global Decline of Manufacturing"" displays the trend of manufacturing over time for six countries from 1980 to 2020. China consistently shows the highest manufacturing levels, starting around 40 in 1980 and declining, while most other countries like the UK and US also show a clear decline, with the UK ending around 9.","A line chart titled ""The Global Decline of Manufacturing"" displays trends for six countries from 1980 to 2020, with years on the x-axis and values from 5 to 40 on the y-axis. China shows the peak value at approximately 40 in 1980, while the United Kingdom reaches the lowest point around 9 by 2020. Most countries, including China, Germany, Japan, the United Kingdom, and the United States, show a general downward trend in manufacturing over this period. India is an anomaly, exhibiting an initial increase before a slight decline, and Germany experienced a significant drop between 1990 and 2000.","A line chart titled The Global Decline of Manufacturing shows that manufacturing output generally declined across major economies from 1980 to 2020, with China having the highest share (starting at approximately 40% in 1980) and the United Kingdom ending with the lowest (around 9% in 2020).","A line chart titled ""The Global Decline of Manufacturing"" pretty much confirms what the title says, with most countries' manufacturing percentages dropping from 1980 to 2020, though Germany took an especially steep dive post-1990 and Japan bucked the trend by holding relatively steady near the end.","A line graph titled ""The Global Decline of Manufacturing"" displays manufacturing trends for China, United Kingdom, Japan, India, United States, and Germany from 1980 to 2020. Most countries show a general decline over the period, with the highest value being China in 1980 at approximately 40 and the lowest being the United Kingdom in 2020 at approximately 9."
marimekko_chart.png,"A Marimekko chart titled Hair and Eye Colors shows Brown as the most common hair color at 55% and Red as the least common at 10%. Blue eyes are most prevalent for Blonde hair at 68%, and Green eyes are the least common for Black hair at 5%.","A Marimekko chart titled ""Hair and Eye Colors"" shows the distribution of eye colors within different hair color categories. It highlights that brown hair is the most common hair color overall, and brown eyes are most frequent for people with black, brown, and red hair; however, blue eyes are overwhelmingly common for blonde hair, while green eyes are generally the least common across all hair colors.","A Marimekko chart, titled ""Hair and Eye Colors,"" displays the distribution of four eye colors (Brown, Blue, Hazel, Green) across four hair color categories (Black, Brown, Red, Blonde). The chart indicates that Brown hair is the most common at 55% of the total, while Red hair is the least common at 10%. Brown eyes are most prevalent among individuals with Black hair (56%), Brown hair (40%), and Red hair (36%). In contrast, Blue eyes are significantly more common for Blonde hair, reaching a peak of 68%. The lowest eye color percentage observed is Green eyes with Black hair, at 5%, highlighting a general trend where darker hair colors correlate with brown eyes, and blonde hair correlates strongly with blue eyes.","A Marimekko chart titled Hair and Eye Colors illustrates the distribution of eye colors among different hair colors, showing that Brown is the most common hair color (55%) and that Blue eyes are most prevalent among Blonde-haired individuals (68%), while Brown eyes are most common for Black (56%), Brown (40%), and Red (36%) hair. The chart also reveals that Green eyes are the least common eye color for Black hair (5%) and that Blonde hair has the lowest percentage of brown eyes (9%).","A stacked bar chart titled 'Hair and Eye Colors' hilariously breaks down which eye colors commonly pair with different hair shades. While brown eyes are a strong contender across the board, it's pretty wild to see that folks with blonde hair overwhelmingly sport blue eyes, whereas redheads have a surprising blend of green and hazel!","A variable-width stacked bar chart titled 'Hair and Eye Colors' illustrates the percentage distribution of eye colors within four hair color categories: Black (16%), Brown (55%), Red (10%), and Blonde (19%). The highest value shown is 68% for Blue eyes among Blonde hair, while the lowest is 5% for Green eyes among Black hair."
multiset_bar_chart.jpg,"A grouped bar chart titled ""FAVORITE MILK DRINK FLAVOR"" shows the preferences for Chocolate, Vanilla, and Strawberry milk flavors across Young Male, Young Female, and Senior Citizens groups. Vanilla is the most preferred flavor overall, with Young Male having the highest preference at approximately 510, while Senior Citizens' preference for Chocolate is the lowest at approximately 250.","A grouped bar chart titled ""Favorite Milk Drink Flavor"" shows how different age and gender groups prefer milk flavors. Vanilla is the most popular flavor overall, with Young Males showing the highest preference for it, while their preference for Strawberry is the lowest across all groups and flavors displayed.","A bar chart titled ""FAVORITE MILK DRINK FLAVOR"" displays preferences for Chocolate, Vanilla, and Strawberry milk drinks across Young Males, Young Females, and Senior Citizens, with a numerical scale from 0 to 700 on the Y-axis. The highest preference is observed for Vanilla among Young Males, reaching approximately 510 units, while the lowest is for Chocolate among Senior Citizens, at around 250 units. Vanilla is consistently the most preferred flavor across all demographic groups. Generally, Young Males and Young Females show higher preferences than Senior Citizens for most flavors, with the exception that Senior Citizens prefer Strawberry slightly more than Young Males.","A grouped bar chart titled ""FAVORITE MILK DRINK FLAVOR"" displays preferences for milk drink flavors across different age and gender groups. Vanilla is the most favored flavor overall, peaking with Young Males at approximately 510 preferences, while Young Males also show the lowest interest in Strawberry, and Senior Citizens consistently have lower preferences across all flavors compared to the younger groups.","A grouped bar chart titled 'Favorite Milk Drink Flavor' clearly shows that vanilla is the MVP for Young Males, soaring high above the rest, while strawberry generally brings up the rear. But here's a twist: Senior Citizens actually prefer strawberry over chocolate, proving that some classics are just *too* classic for our elders!","A grouped bar chart titled ""FAVORITE MILK DRINK FLAVOR"" displays preferences for chocolate, vanilla, and strawberry milk drinks among young males, young females, and senior citizens. Trends show vanilla is the highest preferred flavor for young males, while chocolate is the highest preferred for young females; the highest value recorded is approximately 510, and the lowest value is approximately 250."
network_diagram.png,"A force-directed network graph titled The Indo-European Language Tree shows hierarchical relationships among languages, with ""Proto Indo-European"" as the largest central node branching out to numerous specific languages, represented by smaller nodes at the periphery.","A Force-Directed Network Graph titled The Indo-European Language Tree shows the historical evolution and relationships of various languages. At its center is the ""Proto Indo-European"" root, from which language families like Germanic, Italic, and Indo-Iranian branch out, culminating in specific languages such as Portuguese, Hindi, and Russian.","A Force-Directed Network Graph titled The Indo-European Language Tree shows the evolutionary relationships between various Indo-European languages. There are no traditional axes; instead, nodes represent languages or language families, with their size potentially indicating prominence or age, and links showing ancestral connections. The central, largest node, Proto Indo-European, acts as the root or ""peak"" ancestor, from which numerous branches diverge into families like Italic, Celtic, Germanic, Balto-Slavic, and Indo-Iranian. This represents a trend of diversification over time, with modern languages like Portuguese, Welsh, Sindhi, and Russian as the ""low"" or terminal points in their respective branches, and no obvious outliers or anomalies are present within this tree structure.","A force-directed network graph titled The Indo-European Language Tree shows the hierarchical relationships and evolution of languages from a central Proto Indo-European root, which is the largest node. Languages diverge from this root into major families like Germanic and Balto-Slavic, eventually leading to numerous modern languages such as Portuguese, Russian, and Dutch, represented by the smallest terminal nodes.","A **force-directed network graph** titled 'The Indo-European Language Tree' shows how a wild array of languages, from Latin to Sanskrit, all branch out from the super-ancient 'Proto Indo-European' root. It's like finding out all your favorite words are actually long-lost cousins, which explains why things sometimes get a little lost in translation!","A force-directed network graph titled ""The Indo-European Language Tree"" illustrates the branching relationships of languages, originating from the largest node ""Proto Indo-European"" and diverging into numerous smaller, specific language nodes like Portuguese, Hindi, and Russian."
nightingale_rose_chart.png,"A polar area diagram titled ""DIAGRAM OF THE CAUSES OF MORTALITY IN THE ARMY IN THE EAST, APRIL 1854 to MARCH 1855"" shows that preventable causes account for the vast majority of deaths, with overall mortality significantly increasing from September 1854, peaking in January and February 1855, while deaths from wounds remain consistently low throughout the period.","A polar area diagram titled ""Diagram of the Causes of Mortality in the Army in the East"" displays monthly deaths from April 1854 to March 1855. It clearly shows that ""Preventable"" causes, in light blue, were overwhelmingly the highest cause of death, particularly from late 1854 into early 1855, while ""Wounds"" and ""Other"" causes remained consistently much lower.","A polar area diagram titled ""DIAGRAM OF THE CAUSES OF MORTALITY IN THE ARMY IN THE EAST"" for the period April 1854 to March 1855 shows causes of death by month. Each sector represents a month, with the area indicating the number of deaths, categorized into 'Preventable' (light blue), 'Wounds' (pink), and 'Other' (grey). Preventable deaths are overwhelmingly the largest cause, escalating dramatically from October 1854 and peaking in the winter months of December 1854, January 1855, and February 1855. Deaths from wounds and other causes remain consistently low compared to preventable deaths throughout the year, highlighting a severe public health crisis during the latter half of the depicted period.","A polar area diagram titled Diagram of the Causes of Mortality in the Army in the East shows that from April 1854 to March 1855, preventable causes were overwhelmingly the leading cause of death in the army. These deaths dramatically increased during the winter months, peaking in January and February 1855, while deaths from wounds and other causes remained consistently minimal throughout the year.","A polar area chart titled ""Diagram of the Causes of Mortality in the Army in the East"" (from April 1854 to March 1855) shows that preventable causes were, by far, the biggest killers, shockingly eclipsing battle wounds, especially during the colder months when things really spiraled.","A polar area diagram titled ""DIAGRAM OF THE CAUSES OF MORTALITY IN THE ARMY IN THE EAST"" displays monthly mortality causes from April 1854 to March 1855. It shows preventable causes (light blue) are consistently the largest category of deaths, with overall mortality appearing lowest in April 1854 and highest in January and February 1855."
non_ribbon_chord_diagram.png,"A circular network diagram titled Les Misérables displays characters as nodes, with size indicating connection count and lines showing interactions. Characters like Marius, Labarre, and Cosette are among those with the largest nodes and most connections, while characters such as Jondrette and Child1 have the smallest nodes and fewest connections, and all characters are grouped by color.","A chord diagram titled ""Les Misérables"" shows the connections between characters, with larger circles like Marius and Enjolras indicating more central roles. The visualization reveals distinct groups of characters by color, with strong internal relationships and fewer connections between these different clusters.","A circular network diagram titled 'Les Misérables' maps relationships between characters, represented by nodes arranged in a circle. Node size indicates the character's prominence, with the largest nodes being Marius, Cosette, and Thenardier, and a significant red node (likely Jean Valjean) serving as a central hub of connections. Conversely, smaller nodes like Child1 and Brujon show fewer interactions. Different color groups highlight distinct character clusters, revealing the intricate web of associations within the story.","A circular network graph titled Les Misérables shows characters arranged in a circle, with node size representing the number of connections between them, and colors indicating distinct groups. Marius, Marguerite, and Jean Valjean appear as key central characters with numerous ties across different colored groups, while characters like Child1 and Champtercier have very few connections, highlighting the varying degrees of interaction and importance among the novel's cast.","A circular network graph titled Les Misérables shows the novel's characters arranged around a circle, with crisscrossing lines connecting them like a tangled web. The bigger a character's dot, the more central they are, and the various colored segments hint at the surprising ways these different social circles are all connected.","A network graph titled Les Misérables displays connections between characters, with nodes arranged in a circle, grouped by color, and sized to indicate the extent of their connections. The largest nodes with many connections include Marius, Grantaire, Marguerite, Thenardier, and Eponine, while some of the smallest nodes with fewer connections include Child1, MlleBaptisti, and CountessDel."
open_high_low_close_chart.png,"A High-Low-Close chart shows daily Price movement over several Days from August 28, 2007, to September 4, 2007. The data ranges from a minimum low of approximately 506.00 on August 28, 2007, to a maximum high of approximately 528.00 on September 4, 2007, with a general upward trend in both the daily price ranges and the closing values over the period.","A price chart displays daily price movements for an asset from August 28th to September 4th, 2007. The price saw its lowest point around 506 on August 28th and steadily increased, reaching its highest value of approximately 528 on September 4th, indicating a clear upward trend.","A range chart displays daily price movements from August 28th to September 4th, 2007, with ""Price"" on the Y-axis and ""Day"" on the X-axis. Each vertical bar indicates the daily high and low, while horizontal ticks show the open and close prices. The chart reveals an overall upward trend in price, starting around a low of 506 on August 28th and generally increasing. A significant price surge occurred on September 4th, 2007, where the price reached its peak high of approximately 527.5, marking a notable jump and wider daily range compared to the preceding days.","An Open-High-Low-Close chart displays daily prices from August 28th to September 4th, 2007, with price on the Y-axis and day on the X-axis. The prices generally trend upwards, with the lowest point around 506 on August 28th and the highest point nearing 528 on September 4th, where a significant price surge is observed.","An Open-High-Low-Close chart shows daily prices from late August to early September 2007. You'll see prices generally bobbing along, with dark blue indicating a daily dip and light blue a rise, but hold onto your socks because September 4th brought a surprisingly massive price rocket after a little weekend break!","A bar chart showing daily price ranges displays price movements from August 28, 2007, to September 4, 2007. Prices generally trend upwards across the period, with the lowest recorded price around 506.00 on August 28, 2007, and the highest recorded price around 528.00 on September 4, 2007."
parallel_coordinates_plot.png,"A slope chart titled ""Labor costs in Nigeria are generally among the lowest"" shows hourly wage levels in the construction sector for various countries and job roles in 2012. Wages generally decline across job roles, with Vietnam having the highest wage for Site Foreman at 28 USD, while India has the lowest for General Labourer at 0.4 USD, and Nigeria (Lagos) consistently shows among the lowest levels.","A parallel coordinates plot titled ""Labor costs in Nigeria are generally among the lowest"" shows hourly wage levels in the construction sector for several countries. It clearly illustrates that Nigeria (Lagos) consistently has the lowest wages across all job roles, while countries like Vietnam and the UAE generally show the highest.","A line chart titled ""Labor costs in Nigeria are generally among the lowest"" visualizes hourly wage levels for various construction sector professions in 2012 across several countries. The x-axis lists professions from ""Site Foreman"" to ""General Labourer,"" and the vertical lines represent wage levels, with specific values shown at the top for peak wages per profession and at the bottom for Nigeria (Lagos). Nigeria (Lagos), highlighted in blue, consistently displays the lowest wages, starting at $1.7 for a Site Foreman and dropping to $0.4 for a General Labourer. Most countries show a general downward trend in wages as professions become less skilled, but Nigeria's data points are distinctively the lowest across all categories, with other nations like Vietnam reaching as high as $28 for a Site Foreman.","A parallel coordinates plot titled ""Labor costs in Nigeria are generally among the lowest"" illustrates hourly wage levels in the construction sector across various professions and countries in 2012. Nigeria (Lagos) consistently displays the lowest hourly wages, ranging from a maximum of 1.7 USD for a Site Foreman to a minimum of 0.4 USD for a General Labourer, confirming the key insight that its labor costs are among the lowest compared to other countries like Vietnam, which shows the highest wages, reaching 28 USD for a Site Foreman.","A slope chart, fittingly titled ""Labor costs in Nigeria are generally among the lowest"", tracks hourly wage levels for various construction jobs across several countries. You'll see wages for roles like a Site Foreman or a General Labourer, and while some countries' paychecks go on a wild rollercoaster ride, Nigeria (Lagos) keeps it consistently low, often chilling at the bottom of the pay scale.","A parallel coordinate plot titled ""Labor costs in Nigeria are generally among the lowest"" displays hourly wage levels in the construction sector (USD in 2012) for five job roles across seven countries. The plot indicates that wage levels for Nigeria (Lagos) and India are generally among the lowest across all roles, with the highest hourly wage shown being 28 USD for a Site Foreman in Vietnam and the lowest being 0.4 USD for a General Labourer in India."
parallel_sets.png,"A parallel sets plot shows the distribution and flow across Class, Age, Sex, and Survived categories. The visualization depicts the largest groups as Crew and Third Class, Adult, Male, and Did Not Survive, with a visible trend of Male individuals predominantly not surviving and a greater proportion of Female and Child individuals surviving.","A parallel sets plot visualizes the distribution of passengers by Class, Age, Sex, and Survival status. It clearly illustrates that male passengers, especially adult males from the Crew and Third Class, had a very low survival rate, while female passengers across all classes had a much higher chance of survival.","A Sankey Diagram illustrates the distribution and flow of individuals through ""Class"", ""Age"", ""Sex"", and ""Survived"" categories. The initial ""Class"" groups are First, Second, Third, and Crew, with Crew representing the largest segment, predominantly composed of ""Adult"" males. The dominant trend shows a significantly larger proportion of individuals did not survive (""No"") compared to those who did (""Yes""). Specifically, the vast majority of ""Crew"" (Adult Males) did not survive, while ""Females"" generally show a notably higher survival rate.","A Sankey diagram illustrates the relationship between passenger Class, Age, Sex, and Survival, showing that the largest proportion of individuals were adult males from the Crew and Third classes, and notably, females across all classes and ages had a much higher survival rate compared to males, who predominantly did not survive.","An Alluvial diagram illustrates the grim passenger fate on the Titanic, showing how folks from different classes, ages, and sexes flow into 'Survived' or 'Didn't Survive.' Spoiler alert: being male, especially crew or third class, significantly reduced your chances of making it to the 'Yes' column, proving that even a fancy ticket didn't guarantee you a spot on the lifeboat if you were a dude.","A Sankey diagram shows the distribution and flow of individuals across Class, Age, Sex, and Survived categories. The diagram indicates that the largest proportion of individuals are Adults, predominantly Male, and that most Males did not survive while most Females did. The broadest segment is the 'Adult' category under 'Age', and the narrowest visible segment is the flow from 'Female' to 'No' under 'Survived'."
pictogram_chart.png,"A pictograph titled Favourite fruits shows Oranges as the most favored fruit with a count of 6. Grapes are the least favored with a count of 1, while Bananas have 4 and Apples have 5 counts.","A pictograph titled ""Favourite fruits"" shows the popularity of various fruits. Oranges are the most favourite with 6 votes, while grapes are the least favourite with only 1 vote, indicating oranges are clearly preferred among the options.","A pictograph titled ""Favourite fruits"" illustrates the preferences for different fruits, with the vertical axis representing counts from 1 to 10 and the horizontal axis listing fruit types: Oranges, Grapes, Bananas, and Apples. Oranges are the most popular, with a count of 6, while Grapes are the least favourite, with a count of 1. Bananas received a count of 4, and Apples a count of 3, showing a varied distribution of preferences with Oranges being the peak and Grapes the lowest value.","A pictograph titled ""Favourite fruits"" shows the preference for four fruit types. Oranges are the most favourite fruit with 6 counts, while grapes are the least favourite with only 1 count, followed by bananas with 4 and apples with 3.","A pictograph titled ""Favourite fruits"" uses stacked images to show how many people prefer each fruit, with Oranges leading the pack at five, while Grapes surprisingly only got a single vote, leaving them looking pretty lonely at the bottom.","A pictograph titled ""Favourite fruits"" displays the count for four types of fruits: Oranges have 5, Grapes have 1, Bananas have 4, and Apples have 4. The highest value is 5 for Oranges, and the lowest value is 1 for Grapes."
pie_chart.png,"A pie chart titled Recommended Diet shows Fruit as the largest category at 30%, Protein at 23%, Vegetables at 18%, Dairy at 15%, Grains at 9%, and Other as the smallest category at 5%.","A 3D pie chart titled ""Recommended Diet"" shows the ideal proportions of different food groups. Fruit makes up the largest share at 30%, followed by Protein (23%) and Vegetables (18%), while ""Other"" is the smallest at 5%, indicating a diet focused on fruits, proteins, and vegetables.","A pie chart titled ""Recommended Diet"" displays the percentage breakdown of different food groups. Protein constitutes the largest portion at 30%, followed by Fruit at 23% and Vegetables at 18%. Dairy and Grains make up 15% and 9% respectively, while the smallest category is ""Other"" at 5%. This visualization shows how different food groups contribute to a complete recommended diet.","A pie chart titled Recommended Diet shows the recommended proportions for different food groups. Fruit makes up the largest portion at 30%, followed by Protein at 23% and Vegetables at 18%, while Grains and ""Other"" represent the smallest shares at 9% and 5% respectively.","A 3D pie chart titled 'Recommended Diet' breaks down food groups, showing protein leading the pack at 30% and fruit at 23%. Surprisingly, vegetables only make up a tiny 5% of this ""recommended"" meal plan, which sounds less like a diet and more like a dare!","A pie chart titled ""Recommended Diet"" shows the percentage breakdown of six food groups, with Protein as the highest category at 30% and Other as the lowest at 5%."
point_and_figure_chart.png,"A Point and Figure chart titled 'ALL ORDINARIES [XAO]:Reversal 2 BoxSize 1 PriceOption ClosingPrice:07May2004 19:00' shows price movements from December 2001 to May 2004. Prices peaked near 34.40 in early 2002, then generally trended downward to a minimum around 26.80 by May 2003, before trending upward to approximately 34.00 by May 2004.","A Point and Figure chart titled ""ALL ORDINARIES [XAO]"" shows the index's closing price movement from late 2001 to May 2004. It started around 34.20, saw a significant drop to a low of approximately 26.80 by early 2003, and then steadily recovered to similar high levels by May 2004.","A Point and Figure chart titled ""ALL ORDINARIES [XAO]: Reversal 2 BoxSize 1 PriceOption ClosingPrice: 07May2004 19:00"" displays price movements over time. The X-axis represents dates from December 2001 to May 2004, while the Y-axis represents the closing price, ranging from approximately 26.80 to 34.80. The chart begins with a peak value around 34.80 in early 2002, followed by a significant downtrend that reached a low of approximately 26.80 by May 2003. Subsequently, the price shows a strong upward reversal, recovering substantially towards the end of the charted period.","A Point and Figure chart titled 'ALL ORDINARIES [XAO]' displays the index's price movement from late 2001 to mid-2004, characterized by an initial high, a pronounced downtrend, and a subsequent strong recovery. The index peaked near 34.40 in early 2002, fell to a low around 26.80 by early 2003, and then rebounded significantly towards its prior highs by late 2003.","A Point and Figure chart titled ""ALL ORDINARIES"" shows stock prices taking a bit of a tumble through 2002 and early 2003, with lots of little red 'X's marking their descent, only to pull a fun surprise and stage a spirited comeback rally with blue dots towards the end!","A Point and Figure chart titled 'ALL ORDINARIES [XAO]: Reversal 2 BoxSize 1 PriceOption ClosingPrice: 07May2004 19:00' displays price movements from December 2001 to May 2004, showing an initial plateau, followed by a decline and then a subsequent rise. The prices range from a low of 26.80 to a high of 34.40."
population_pyramid.png,"A population pyramid titled World (2020) displays the percentage of male and female population by age group. The largest percentages are found in the 0-4 age group (around 4% for both genders), with percentages decreasing steadily for older age groups, and females making up a larger percentage than males in the 85+ group.","A population pyramid titled ""World (2020)"" shows the global age distribution for males and females. The chart reveals the largest percentages of the population are in the youngest age groups (0-4 years), with the percentages steadily decreasing to the smallest proportion in the oldest age group (85+ years), forming a classic pyramid shape.","A population pyramid titled World (2020) shows the age distribution by gender, with age groups from 0-4 to 85+ on the vertical axis and percentage of population on the horizontal axis for males (blue) and females (green). The visualization displays a broad base, with the 0-4 age group for both genders representing approximately 4% of the population, indicating a large young population. The percentages steadily decrease with increasing age, forming a typical pyramid shape, with the smallest representation for the 85+ age group, less than 1% for both. While largely symmetrical, females show slightly higher percentages than males in the very oldest age cohorts.","A population pyramid titled World (2020) displays the global age and sex distribution, showing a wide base with approximately 4% of both males and females in the 0-14 and 25-29 age groups, and decreasing numbers towards the oldest age cohorts, with the smallest percentages for those 85 and over. This structure indicates a relatively young global population in 2020.","A population pyramid titled ""World (2020)"" shows the percentage of male and female populations, with age groups stacked from youngest at the bottom to 85+ at the top. It looks like a classic pyramid, wide at the base and tapering up, though it seems women are still holding strong in the very oldest age brackets!","A population pyramid titled ""World (2020)"" shows the percentage of male and female populations across age groups. The largest percentages are for the 0-4 age group for both sexes, approximately 4.5% for males and 4.2% for females, while the smallest percentages are for the 85+ age group, approximately 0.2% for males and 0.5% for females."
proportional_area_chart.png,"A 100% stacked area chart shows the percentage distribution of groups D, G, B, F, A, C, and E over time from 1 to 7. The total percentage for all groups sums to 1.00 at each time point, with group E reaching a minimum percentage around time 2 and a maximum around time 3, while group D shows its highest percentage around time 6.","A stacked area chart shows the percentage distribution of seven different groups over time. Group E, represented by the bottom pink area, generally decreases its share, while group A (medium blue) and group D (top pink) noticeably increase their percentages, especially peaking around time point 6.","A stacked area chart shows the percentage contribution of different groups over time. The x-axis represents 'time' with values from 1 to 7, and the y-axis represents 'percentage' from 0.00 to 1.00, indicating that the sum of all groups equals 100% at each time point. Group E (bottom pink) notably dips to its lowest percentage around time 2, then peaks around time 3 (approximately 30%), followed by a general decline. Conversely, Group A (dark blue) shows a clear increasing trend from time 2 to time 6, contributing a larger proportion around time 6. The other groups (C, F, B, G, D) show varying fluctuations, contributing to the overall composition over time, with no apparent anomalies.","A stacked area chart displays the percentage contribution of seven groups (A, B, C, D, E, F, G) over time. Group A's percentage generally increases to a maximum around time 6, while Group E, initially the largest, fluctuates and generally decreases its proportion, and Group D also shows a notable increase in its share towards the end of the time period.","A stacked area chart, sans title, tracks the fluctuating ""percentage"" shares of groups D through E over ""time."" It's a colorful party of ever-shifting proportions, where some groups shrink their slice of the pie while others grow, keeping you on your toes with who's up or down at any given moment.","A stacked area chart shows the percentage distribution of seven groups (D, G, B, F, A, C, E) over time, with the total percentage summing to 1.00 at each time point. Individual group percentages observed across the time period range from approximately 0.05 (Group D at time 2) to 0.45 (Group A at time 6)."
radar_chart.png,"A Radar Chart titled Gymnast Scoring Radar Chart displays scores for Gymnast 1, Gymnast 2, and Gymnast 3 across five categories: Execution, Landing, Style, Creativity, and Difficulty, with scores ranging from 0 to 10. Gymnast 3 generally shows the highest scores including a perfect 10 in Landing, while Gymnast 1 generally shows the lowest scores, reaching a minimum of 2 in Execution.","A radar chart titled ""Gymnast Scoring Radar Chart"" compares three gymnasts across five criteria, showing that Gymnast 2 scores highest in Execution, Gymnast 3 excels in Landing and Difficulty, while Gymnast 1 shows strengths in Style and Difficulty, revealing distinct performance profiles for each.","A Radar Chart titled ""Gymnast Scoring Radar Chart"" displays scores for three gymnasts across five categories: Execution, Landing, Style, Creativity, and Difficulty, with scores ranging from 0 at the center to 10 at the outermost ring. Gymnast 3 (green) generally exhibits the highest overall performance, particularly excelling in Landing (9-10) and Creativity (8-9). In contrast, Gymnast 2 (blue) shows a strong peak in Execution (8-9) but a notable low in Style (2), while Gymnast 1 (red) is strong in Style (9) and Difficulty (8) but very low in Execution (1-2). This chart highlights diverse strengths and weaknesses among the gymnasts.","A Radar Chart titled ""Gymnast Scoring Radar Chart"" compares the performance of three gymnasts across five categories (Execution, Landing, Style, Creativity, Difficulty) on a scale of 0 to 10. Gymnast 3 (green) demonstrates the highest overall scores, notably peaking in Landing (around 9.5) and Difficulty (around 9), while Gymnast 1 (red) records the lowest scores, particularly in Execution (around 2) and Landing (around 3).","A Radar Chart titled 'Gymnast Scoring Radar Chart' gives us the lowdown on how three gymnasts stacked up in categories like Execution and Style, with points further from the center meaning higher scores. Gymnast 3 looks like the all-around champ, while Gymnast 2 totally nailed execution but might need to work on their landing!","A radar chart titled ""Gymnast Scoring Radar Chart"" displays the scores of three gymnasts (Gymnast 1, Gymnast 2, Gymnast 3) across five categories: Execution, Landing, Style, Creativity, and Difficulty. Scores range from 0 to 10, with the highest observed score being 9 for Gymnast 3 in Landing and Creativity, and the lowest observed score being 1 for Gymnast 1 in Execution and Gymnast 2 in Creativity."
radial_bar_chart.png,"A radial bar chart titled ""LIFE EXPECTANCY OF WOMEN AROUND THE WORLD"" displays the life expectancy of women across six continents. Europe has the highest life expectancy at 82 years, while Africa has the lowest at 64 years, showing a decreasing trend from Europe through North America, Oceania, Latin America, and Asia to Africa.","A radial bar chart titled ""Life Expectancy of Women Around the World"" shows that women in Europe have the highest life expectancy at 82 years, while women in Africa have the lowest at 64 years. This indicates a general trend where life expectancy decreases from Europe down to Africa across the continents shown.","A radial bar chart titled ""LIFE EXPECTANCY OF WOMEN AROUND THE WORLD"" illustrates the average life expectancy for women across different continents. The data, represented by concentric rings where length indicates years, ranges from a peak of 82 years for women in Europe to a low of 64 years for women in Africa. This shows a clear decreasing trend in life expectancy from Europe down to Africa, where a woman born in Europe lives 18 years longer than a woman born in Africa. Other continents fall in between, with North America at 81 years, Oceania at 80 years, Latin America at 79 years, and Asia at 74 years.","A radial bar chart titled ""LIFE EXPECTANCY OF WOMEN AROUND THE WORLD"" shows that life expectancy for women varies significantly across continents, ranging from a maximum of 82 years in Europe to a minimum of 64 years in Africa, highlighting a general trend where women in developed regions live longer, with a woman born in Europe living 18 years longer on average than one born in Africa.","A radial bar chart titled ""Life Expectancy of Women Around the World"" shows that life expectancy for women generally drops as you go from Europe's breezy 82 years down to Africa's 64. And get this: a woman in Europe outlives her African counterpart by a whole 18 years – quite the gap, huh?","A radial bar chart titled ""LIFE EXPECTANCY OF WOMEN AROUND THE WORLD"" shows the average life expectancy for women across different continents, with Europe having the highest at 82 years and Africa having the lowest at 64 years. The visualization also displays the difference in life expectancy compared to Africa or Europe for each continent."
radial_column_chart.png,"A Nightingale Rose chart titled Diagram of the Causes of Mortality in the Army in the East shows that overall mortality peaks in January, February, and March, with Disease being the dominant cause during these months. Conversely, overall mortality is lowest from July to October, where Wounds and Other causes represent a proportionally larger share of deaths.","A polar area diagram titled ""Diagram of the Causes of Mortality in the Army in the East"" shows monthly mortality causes over a year. It clearly illustrates that disease was the overwhelming cause of death, particularly high in the winter months like February, with overall mortality significantly decreasing in the summer.","A Rose Diagram titled ""Diagram of the Causes of Mortality in the Army in the East"" shows mortality causes by month, with the angular axis representing months from December to November, and the radial length of each segment indicating the magnitude of deaths. The visualization clearly shows that Disease (orange) was the overwhelming cause of death, peaking dramatically in January and February, then sharply decreasing through spring and summer before a slight rise in autumn. Deaths due to Wounds (blue) and ""Other"" causes (grey) remained consistently low throughout the year, accounting for a minor portion of overall mortality. This highlights a strong seasonal trend for disease-related deaths, vastly overshadowing combat injuries.","A coxcomb diagram titled 'Diagram of the Causes of Mortality in the Army in the East' shows that Disease was the overwhelming cause of mortality, significantly peaking from January to March, while deaths from Wounds and Other causes remained consistently low throughout the year, with overall mortality much lower in the summer months.","A polar area chart titled ""Diagram of the Causes of Mortality in the Army in the East"" shows that soldiers were way more likely to kick the bucket from disease (those big orange slices) than from actual wounds, especially during the cold winter and spring months. Turns out, dysentery was a far deadlier foe than enemy bullets!","A polar area diagram titled 'Diagram of the Causes of Mortality in the Army in the East' displays monthly mortality categorized by Disease (orange), Other (grey), and Wounds (blue). The largest overall mortality, primarily from Disease, is visually most prominent in January and February, while the smallest overall mortality is observed in August, September, and October."
sankey_diagram.png,"A Sankey diagram titled 'Migration between the countries of the UK, Year ending June 2015' shows migration flows between England, Wales, Scotland, and Northern Ireland. England shows the largest overall migration flows both as an origin and destination, with the largest specific inter-country flows occurring between England and Wales, while Northern Ireland shows the smallest overall flows and the smallest inter-country flows.","A Sankey diagram titled ""Migration between the countries of the UK, Year ending June 2015"" illustrates the flow of people between England, Scotland, Wales, and Northern Ireland. The overall pattern reveals that England is the primary hub for internal migration, with the largest volumes of people moving both to and from England, while direct migration between the other countries appears less significant.","A Sankey diagram titled ""Migration between the countries of the UK, Year ending June 2015"" visualizes population movement. The left column lists origin countries (Wales, Scotland, Northern Ireland, England), and the right column lists destination countries (England, Northern Ireland, Scotland, Wales), with the width of the connecting bands representing the volume of migration. The largest flows are observed between England and Wales, and England and Scotland, in both directions. Conversely, migration involving Northern Ireland appears significantly smaller, representing the lowest values. Overall, England acts as a major hub, with the largest in and out migration volumes compared to the other UK countries.","A Sankey diagram titled ""Migration between the countries of the UK, Year ending June 2015"" illustrates the flow of people, highlighting that England is by far the dominant participant in inter-UK migration, receiving the largest number of immigrants and sending the most emigrants. The largest flows occur between England and Scotland, and England and Wales, while migration between smaller nations like Northern Ireland and Wales is minimal.","A Sankey diagram titled ""Migration between the countries of the UK, Year ending June 2015"" shows where folks are moving from (on the left) to where they're landing (on the right) within the UK. Looks like England is quite the busy hub, with plenty of people flowing in and out of it from the other UK nations!","A Sankey diagram titled 'Migration between the countries of the UK, Year ending June 2015' shows migration flows between Wales, Scotland, Northern Ireland, and England. The largest migration flows are to and from England, while the smallest flows are those involving Northern Ireland."
scatterplot.jpg,A scatter plot titled Beach Visitors shows the number of visitors generally increases as the average daily temperature rises. The data points range from approximately 100 visitors at 82°F to approximately 600 visitors at 94°F.,"A scatter plot titled Beach Visitors displays how the number of visitors changes with the average daily temperature. It shows a clear positive trend, with beach visitors generally increasing from around 100 in the low 80s to over 500 when temperatures are in the mid-90s Fahrenheit.","A scatter plot titled Beach Visitors shows the relationship between Average Daily Temperature in degrees Fahrenheit on the x-axis and Visitors on the y-axis, which ranges from 0 to 600. There is a strong positive correlation, indicating that higher temperatures generally lead to more visitors. The lowest observed point is approximately 82°F with around 100 visitors, while the peak is 600 visitors at 94°F. An outlier can be observed at 87°F with only approximately 125 visitors, which is significantly lower than the general trend for similar temperatures.","A scatter plot titled Beach Visitors illustrates the relationship between average daily temperature and the number of beach visitors, showing a general positive trend where higher temperatures lead to more visitors. The number of visitors ranges from a minimum of approximately 110 at 82°F to a maximum of 600 at 94°F, suggesting that warmer weather significantly boosts attendance.","A scatter plot titled ""Beach Visitors"" shows that as the average daily temperature heats up, the number of beach visitors generally goes soaring, because who wants to be cold at the beach? Although, there's a puzzling dip at 87 degrees where everyone apparently decided to stay home, maybe they just ran out of ice cream that day!","A scatter plot titled Beach Visitors displays the number of visitors against the average daily temperature. The data generally shows an increasing trend, with visitors ranging from a low of 100 at 82°F to a high of 600 at 94°F, across temperatures from 82°F to 96°F."
span_chart.png,"A range bar chart titled ""As nonprofit budgets grow, so do CEO salaries. And growth is nearly identical across both New York and Washington, DC"" shows CEO salary ranges across five nonprofit annual budget categories. Salaries range from a minimum of $110,000 for budgets under $5 million to a maximum of $330,000 for New York and $300,000 for Washington, DC for budgets above $50 million, with a consistent trend of increasing salaries as nonprofit budgets grow for both cities.","A bar chart titled ""As nonprofit budgets grow, so do CEO salaries"" shows that CEO salaries in nonprofits significantly increase with the size of the organization's annual budget, with salary ranges from $110,000 for smaller nonprofits to up to $330,000 for the largest ones. The chart also highlights that these salary trends are nearly identical for nonprofits in New York and Washington, DC across all budget categories.","A range bar chart titled ""As nonprofit budgets grow, so do CEO salaries"" displays CEO salaries in thousands on the horizontal axis, categorized by nonprofit annual budget size and city (New York and Washington, DC) on the vertical axis. The overall trend shows that CEO salaries increase as nonprofit budgets grow, for both New York and Washington, DC. Salaries range from a low of $110,000 for nonprofits under $5 million to a peak of $280,000-$330,000 for New York City and $270,000-$300,000 for Washington, DC, in nonprofits with budgets above $50 million. Salary ranges for New York and Washington, DC, are nearly identical across most budget categories, with New York showing a slightly higher maximum salary range for the largest budget size.","A range bar chart titled ""As nonprofit budgets grow, so do CEO salaries"" shows that CEO salaries generally increase with the size of a nonprofit's annual budget, with the highest salaries for budgets over $50 million (ranging from $280,000-$330,000 in NY and $270,000-$300,000 in DC) and the lowest for budgets under $5 million (ranging from $110,000-$140,000 in NY and $110,000-$150,000 in DC). A key insight is that the salary ranges and their growth are nearly identical across both New York and Washington, DC for all budget categories.","A range bar chart, boldly titled 'As nonprofit budgets grow, so do CEO salaries,' clearly shows that as a nonprofit's budget goes up, so does the CEO's paycheck, with New York and D.C. keeping things surprisingly tight and similar, salary-wise, no matter the budget size.","A range bar chart titled ""As nonprofit budgets grow, so do CEO salaries"" shows that CEO salaries in nonprofits increase with budget size for both New York and Washington, DC, with ranges being similar between the two cities. Salaries range from a low of $110,000 for nonprofits under $5 million in budget to a high of $330,000 for New York nonprofits with budgets above $50 million."
spiral_plot.jpg,"A spiral bar chart titled ""US Coal Production"" shows US coal production from 1973 to 1978, with production generally increasing over the years. The lowest values are observed in 1973 and 1974, while the highest values appear in 1976 and 1978.","A spiral bar chart titled ""US Coal Production"" displays US coal production from 1973 to 1978. The overall pattern shows an increase in production over these years, with 1973 generally having the lowest values and 1978 showing the highest production, alongside noticeable monthly variations.","A spiral bar chart titled 'US Coal Production' displays monthly coal production data from 1973 to 1978. Each spiral ring represents a year, with color-coded segments indicating months, and the length of each segment denotes production volume. The data shows an increasing trend from 1973, reaching its peak production in 1976, where several months show the highest values. This peak is followed by a sharp decline in 1977, marking the lowest production levels within the series, before a partial recovery in 1978.","A spiral bar chart titled ""US Coal Production"" illustrates a general increasing trend in US coal production from 1973 to 1978, with 1973 showing the lowest production levels and 1978 exhibiting the highest.","A spiral bar chart titled ""US Coal Production"" shows that coal production from 1973 to 1978 was on a steady climb, coiling outwards like a growing spring, proving that sometimes, things just keep getting bigger!","A spiral chart titled US Coal Production displays US coal production from 1973 to 1978. Each year shows a general trend of increasing production before decreasing, with the visually highest values appearing in 1976, 1977, and early 1978, and the visually lowest values, including some missing data, at the beginning/end of annual cycles, especially late in 1978."
stacked_area_chart.png,"A stacked area chart titled ""Regional ratio of cosmetic products sales"" shows the percentage of sales for USA, China, EU, and Africa across nine cosmetic products. The USA generally holds the largest share, peaking around 75% for Mascara, while Africa's share is often lowest, reaching a minimum of approximately 10% for Foundation and Lip gloss.","A 100% stacked area chart titled ""Regional ratio of cosmetic products sales"" shows how the sales of various cosmetic products are distributed across USA, China, EU, and Africa. Overall, USA and China consistently make up the largest portions of sales for most products, while the EU and Africa hold smaller but varying shares across the categories.","A stacked area chart titled ""Regional ratio of cosmetic products sales"" displays the percentage distribution of sales for nine different cosmetic products across USA, China, EU, and Africa. The X-axis lists the product types, while the Y-axis ranges from 0% to 100%. The USA (light blue) consistently holds the largest share, peaking at approximately 80% for Lip gloss and 75% for Foundation, while its lowest point is around 25% for Mascara. China (dark blue) generally holds the second-largest share, with the EU (orange) and Africa (yellow) contributing the remainder, showing varying distributions such as higher EU sales for Lipstick and Foundation, and higher Africa sales for Lipstick and Mascara.","A stacked area chart titled ""Regional ratio of cosmetic products sales"" illustrates the market share of various cosmetic products across USA, China, EU, and Africa. China consistently holds the largest share for most products, notably peaking around 45-50% for Lipstick and Foundation, while Africa maintains the smallest share across all products shown.","A stacked area chart titled ""Regional ratio of cosmetic products sales"" breaks down who's buying what makeup, showing how the USA generally dominates, but China and the EU snatch up huge shares for specific items like Lipstick and Foundation, making it a real beauty pageant of sales!","A stacked area chart titled 'Regional ratio of cosmetic products sales' illustrates the percentage distribution of sales for nine cosmetic products across USA, China, EU, and Africa. The regional shares fluctuate by product, with individual contributions ranging from approximately 10% (e.g., EU for Eyeshadows) to around 50% (e.g., USA for Eyeshadows and China for Lip gloss)."
stacked_bar_graph.png,"A stacked bar chart titled ""Expenses by Month"" displays total expenses across four unidentified periods, broken down into Utilities, Rent, Food, and Gasoline categories. Rent consistently constitutes the largest expense, while Gasoline is the smallest, and the third period shows the highest overall total expenses at approximately $1,150, largely due to increased Food costs.","A stacked bar chart titled ""Expenses by Month"" illustrates spending across four categories over four periods. Overall expenses are lowest in the first two periods, around $900-950, peaking in the third period over $1,100, primarily due to higher food and utilities costs, while rent remains the most consistent and largest expense.","A stacked bar chart titled ""Expenses by Month"" shows monetary expenses on the y-axis, ranging from $0 to $1,200, across four unnamed monthly periods on the x-axis. Each bar segments total expenses into Utilities (green), Rent (teal), Food (red), and Gasoline (blue), with Rent consistently around $480 and Gasoline around $50 per month across all periods. Total expenses peak in the third month at approximately $1,140, largely due to an anomalous spike in Food expenses to about $340, compared to roughly $150 in the other months. The lowest total expenses are observed in the first month at approximately $930, with the second and fourth months having similar totals around $950.","A stacked bar chart titled ""Expenses by Month"" shows monthly expenses broken down by category, with total expenses ranging from approximately $920 to nearly $1,150. The third month shows the highest total expense, primarily driven by a significant increase in Food costs, while Rent remains the largest and most consistent expense across all months.","A stacked bar chart titled ""Expenses by Month"" shows how money was spent over four mystery months, with Rent and Gasoline holding steady, but Food and Utilities really blowing up in the third month, making it the clear heavyweight champion of spending! Someone either had a huge dinner party or a serious energy bill.","A stacked bar chart titled ""Expenses by Month"" displays total monthly expenses categorized into Utilities, Rent, Food, and Gasoline for four months. Rent is consistently the largest expense, while Food and Utilities show variations; total monthly expenses range from approximately $920 in the first month to approximately $1150 in the third month."
stem_and_leaf_plot.jpg,N/A,"A tabular schedule titled ""Northbound: Othello → Westlake/Downtown Seattle"" shows departure times for a transit route. It reveals that service is most frequent during weekday commute hours, with significantly fewer departures late at night and on weekends/holidays.","A table-based schedule titled ""Northbound: Othello -> Westlake/Downtown Seattle"" presents train departure times. The data is organized by hour (AM 4 to AM 3) in rows and separated into columns for ""Monday - Friday"" and ""Saturday/Sunday/Holiday"" schedules, with individual minutes past the hour listed as data points. Monday-Friday service is notably more frequent, particularly during morning (6-8 AM) and afternoon (3-6 PM) peak hours, while Saturday/Sunday/Holiday service generally has fewer departures. Specific departure times are highlighted to indicate Saturday only (red), Sunday/Holiday only (orange), or service to Mount Baker (blue), with the earliest departure being 4:18 AM and the latest 1:31 AM.","A timetable titled Northbound: Othello -> Westlake/Downtown Seattle shows transit departure times, indicating significantly more frequent service on Monday through Friday, especially during morning and afternoon peak hours, compared to Saturdays, Sundays, and Holidays. The least frequent service occurs late at night and very early morning, with some specific departures highlighted for particular days or destinations.","A transit timetable titled ""Northbound: Othello → Westlake/Downtown Seattle"" lays out the train times, showing service frequency ramps way up during weekday rush hours. But hold onto your hats, because it takes a serious nosedive on weekends and late at night, with a few sneaky special trips, like those 'to Mount Baker only' runs, sprinkled in!","A timetable titled ""Northbound: Othello → Westlake/Downtown Seattle"" displays public transport departure times, showing more frequent service on Monday-Friday with up to seven departures per hour, compared to Saturday/Sunday/Holiday which can have as few as one departure per hour. The earliest listed departure time is 4 minutes past the hour, and the latest is 1:31 AM."
stream_graph.png,"A stacked area chart titled US music sales by format (inflation-adjusted) shows total music sales rising from 1973, peaking around 1999-2000, and then declining before a resurgence towards 2018. Compact Disc accounts for the highest total sales at $295B, dominating from the late 1980s through the early 2010s, while Streaming shows a strong increasing trend from around 2010 to 2018, and Vinyl shows a resurgence in the later years.","A stacked area chart titled ""US music sales by format (inflation-adjusted)"" illustrates how music sales formats have shifted dramatically from 1973 to 2018. Compact Discs were the highest earner, dominating sales and peaking around the early 2000s, but by 2018, sales had largely transitioned from physical media to digital, especially streaming.","A stacked area chart titled 'US music sales by format (inflation-adjusted)' illustrates the shift in music consumption from 1973 to 2018, with the X-axis representing years and the Y-axis representing sales in billions of USD. Compact Disc sales ($295B total) dominated from the mid-1990s through the mid-2000s, marking the peak of overall music sales around 2000, before a sharp decline. Newer digital formats like Download ($29B) and Streaming ($27B) emerged, with Streaming showing rapid growth to become the largest segment by 2018. Concurrently, older formats like 8-Track ($23B) and Cassette ($102B) largely disappeared, though Vinyl ($103B) shows a notable resurgence in recent years.","A stacked area chart titled US music sales by format (inflation-adjusted) illustrates the evolution of music sales from 1973 to 2018, showing a dramatic shift in format dominance from physical media like Compact Discs, which generated the most revenue at $295 billion and peaked in the late 1990s, to digital formats such as Streaming, which is rapidly growing and contributing to a recent rebound in overall sales.","A stacked area chart titled ""US music sales by format (inflation-adjusted)"" takes us on a nostalgic ride through music's evolution, showing how classics like 8-tracks and CDs eventually gave way to downloads and streaming, with the surprising twist that vinyl decided to make a stylish comeback!","A stacked area chart titled ""US music sales by format (inflation-adjusted)"" shows the evolution of music sales by format from 1973 to 2018. Over this period, Compact Disc sales accounted for $295 billion, the highest total value, while ""Other"" formats generated $19 billion, the lowest total among the listed categories."
sunburst_diagram.jpg,"A sunburst chart titled ""Which companies caused global warming?"" shows the ""Top 90 Producers"" account for 914.26 Gt CO2e, or 63.04% of total emissions since 1750. This breakdown highlights ""Investor owned"" and ""Nation states"" as the largest categories, with ""ChevronTexaco"" and ""Former USSR"" appearing as leading individual contributors.","A sunburst chart titled ""Which companies caused global warming?"" illustrates that a concentrated group of ""Top 90 Producers"" are responsible for over 63% of total global warming emissions since 1750. This includes significant contributions from investor-owned companies like ChevronTexaco and ExxonMobil, nation states such as the Former USSR and China, and state-owned companies like Saudi Aramco, while many smaller entities are grouped under ""Fuel & cement"" producers.","A sunburst chart titled ""Which companies caused global warming?"" visualizes the proportional contributions to global CO2e emissions. The chart highlights the ""Top 90 Producers,"" collectively responsible for 914.26 Gt CO2e, or 63.04% of total emissions since 1750. This dominant segment is categorized into ""Investor owned"" companies (e.g., ChevronTexaco, ExxonMobil, BP), ""Nation states"" (e.g., Former USSR, China, Poland), and ""State owned"" companies (e.g., Saudi Aramco, Gazprom). The varying sizes of the outer segments indicate that ""Investor owned"" companies and certain ""Nation states"" appear to be among the largest individual contributors to historical carbon emissions.","A sunburst chart titled 'Which companies caused global warming?' reveals that 'Top 90 Producers' account for 63.04% of global CO2e emissions since 1750. This significant portion is primarily driven by large 'Investor owned' companies (like ChevronTexaco and ExxonMobil), major 'Nation states' (such as Former USSR and China), and prominent 'State owned' entities (including Saudi Aramco and Gazprom), with smaller contributions from various 'Fuel & cement' producers.","A sunburst chart titled ""Which companies caused global warming?"" reveals that a whopping 63% of global CO2e since 1750 comes from just 90 producers, with investor-owned companies, nation states, and state-owned entities all getting a piece of that carbon pie, often from ""Fuel & cement"" production.","A multi-level radial chart titled 'Which companies caused global warming?' and 'Top 90 Producers' illustrates a breakdown of 'All emissions', showing that 'Top 90 Producers' contribute 914.26 Gt CO2e, representing 63.04% of total emissions since 1750, with the remainder classified as 'Other'. This chart further divides 'Top 90 Producers' into 'Investor owned', 'Nation states', and 'State owned' categories, with prominent visible segments including ChevronTexaco, Former USSR (oil, gas, coal), and Saudi Aramco, while numerous smaller segments are labeled 'Fuel & cement'."
tally_chart.png,"A tally chart displays counts for six food items, with Ice-cream having the maximum count at 24 and Patties having the minimum count at 12. The specific counts are Burger (18), Cake (19), Patties (12), Ice-cream (24), French fries (17), and Fried Rice (13).","A tally chart shows the counts for different food items. Ice-cream is the most popular with 29 tallies, while Fried Rice is the least popular with 12, and other items like burgers and cakes have a moderate number of tallies.","A tally chart shows the frequency of various food items, with columns for ""Food Items"" and ""Tally Marks."" The items and their counts are: Burger (18), Cake (19), Patties (12), Ice-cream (24), French fries (14), and Fried Rice (11). Ice-cream is the peak value with 24 tallies, while Fried Rice represents the low value with 11 tallies. There are no obvious trends or anomalies, just varying counts for each food item.","A tally chart shows the frequency of six food items: Burger (20), Cake (25), Patties (10), Ice-cream (30), French fries (15), and Fried Rice (10). Ice-cream is the most frequent item with 30 tallies, while Patties and Fried Rice are the least frequent, both with 10 tallies.","A tally chart, tracking 'Food Items' with 'Tally Marks,' clearly shows ice-cream is the runaway fan favorite, while poor Fried Rice seems to be struggling to get any love.","A tally chart displays the counts for six food items: Burger, Cake, Patties, Ice-cream, French fries, and Fried Rice. Ice-cream has the highest count at 29, and Fried Rice has the lowest count at 11."
timeline.jpg,A timeline titled The milestones of space exploration shows key events in space exploration ranging from the Sputnik launch in 1957 to the Moon to Mars initiative in 2021. The visualization presents a chronological progression of these milestones over time.,"A timeline titled ""The milestones of space exploration"" shows key events in space exploration from the Sputnik launch in 1957 to the Moon to Mars initiative in 2021, illustrating a chronological progression of significant achievements.","A timeline titled ""The milestones of space exploration"" shows key historical events in space exploration, ordered chronologically. The timeline spans from 1957 to 2021, with events presented in two rows, flowing from left to right across the top, then continuing from left to right on the bottom row. The earliest milestone is the Sputnik launch in 1957, and the latest is ""Moon to Mars"" in 2021. Other significant events include the 1969 Moon landing, the 1990 Hubble telescope launch, and the 2008 ""Rise of SpaceX.""","A timeline titled The milestones of space exploration depicts major achievements in space exploration from 1957 with the Sputnik launch to 2021 with the ""Moon to Mars"" initiative, showcasing humanity's continuous and evolving journey beyond Earth.","A timeline titled ""The milestones of space exploration"" zips and zags through cosmic history, chronicling humanity's reach from the 1957 Sputnik launch all the way to a 2021 ""Moon to Mars"" ambition, with fun detours like the 2008 ""Rise of SpaceX"" and a surprisingly early 1976 ""Mars landing.""","A timeline titled ""The milestones of space exploration"" presents 11 significant events in space history, ranging from the earliest event, Sputnik launch in 1957, to the latest event, ""Moon to Mars"" in 2021. The visualization chronologically displays key achievements over time, with images accompanying each milestone."
timetable.png,"A horizontal stacked bar chart titled ""How do people spend their time?"" shows average daily minutes spent on activities across 20 countries, sorted by paid work. China has the highest paid work at 315 minutes and Norway has the highest total leisure at 369 minutes, while South Korea has the lowest sleep at 7 hours 51 minutes and Mexico has the lowest total leisure at 172 minutes.","A stacked bar chart titled ""How do people spend their time?"" illustrates the average minutes per day people in different countries spend on activities like paid work, sleep, and leisure. It shows that people in China spend the most time on paid work, while Italians spend the least, and overall, leisure time tends to vary inversely with paid work across countries.","A data table with time allocation segments, titled ""How do people spend their time?"", displays average minutes per day spent on various activities across different countries, for people between 15 and 64. Countries are listed vertically and ranked by ""Paid work"" minutes, from China at a peak of 315 minutes to Italy at a low of 149 minutes. Sleep generally ranges from around 7 hours 51 minutes (South Korea) to 9 hours 2 minutes (China). In ""Total leisure,"" Norway peaks at 369 minutes, while Mexico shows the lowest at 172 minutes, also notably having the highest ""Housework & shopping"" at 202 minutes.","A stacked bar chart titled 'How do people spend their time?' presents the average daily minutes allocated to different activities across various countries, revealing significant variations. For instance, China spends the most time on paid work (315 minutes), while Norway enjoys the most total leisure (369 minutes), and India has the least leisure time (172 minutes).","A stacked bar chart titled ""How do people spend their time?"" reveals how countries balance work, sleep, and everything else, noting that while China is busy clocking in paid hours, countries like Norway and Italy are clearly mastering the art of leisure, especially when it comes to *actually* seeing friends.","A data table with horizontal bars titled 'How do people spend their time?' displays the average minutes per day people in various countries spend on activities such as paid work, sleep, and leisure. Countries are ordered by paid work, which ranges from 315 minutes in China to 149 minutes in Italy, while total leisure varies from a low of 172 minutes in Mexico to a high of 369 minutes in Norway."
tree_diagram.png,"A tournament bracket titled 'Women's Bracket' and 'Men's Bracket' shows the progression of basketball games across several rounds, culminating in LSU winning the Women's championship and Connecticut winning the Men's championship, with individual game scores ranging from a low of 40 to a high of 102.","A pair of tournament brackets titled ""Women's Bracket"" and ""Men's Bracket"" show the progression of teams through championship tournaments. The Women's Bracket culminates with LSU winning the final game 102-85 against Iowa, and the Men's Bracket shows Connecticut winning the final game 76-59 against S.D. State.","A tournament bracket visualization displays the progress and results of the Women's Bracket and Men's Bracket for college basketball. The horizontal axis represents the progression of rounds from Round of 64 (March 14-18) to the Final (April 2-3), while vertical sections denote regional groupings. The Women's Bracket culminates with LSU winning the championship 102-85 against Iowa, marking one of the highest scores. The Men's Bracket shows Connecticut as the champion, defeating San Diego State 76-59, with a significant outlier being the 16th seed Fairleigh Dickinson upsetting the 1st seed Purdue 63-58 in the Round of 64.","A tournament bracket titled ""Women's Bracket"" and ""Men's Bracket"" visualizes the progression of the NCAA basketball tournaments through scored games, where the Women's champion LSU achieved a high of 102 points in the final, and the Men's champion Connecticut also prevailed. This visualization generally shows higher-seeded teams advancing, but it also highlights significant upsets and varying point totals, with scores ranging from lows in the 40s to highs over 100 points.","A pair of sports brackets, titled ""Women's Bracket"" and ""Men's Bracket,"" show teams battling it out, moving from left to right through the rounds as they win their games. The big twist here is the Men's bracket, where a Cinderella story unfolded as #16 Fairleigh Dickinson famously knocked out #1 seed Purdue right out of the gate!","A bracket visualization titled ""Women's Bracket"" and ""Men's Bracket"" shows the progression of basketball teams through multiple rounds of a tournament, displaying the scores for each game played. The highest score recorded for a single team in a game is 103 points, and the lowest score recorded for a single team in a game is 33 points."
treemap.png,"A treemap displays the allocation of approximately $5.0 trillion across five primary categories: Individuals and families ($1.8 trillion), Businesses ($1.7 trillion), State and local aid ($745 billion), Health care ($482 billion), and Other ($288 billion). The largest individual allocation is the Paycheck Protection Program at $835 billion, while Election security is the smallest at $0.4 billion, with larger expenditures dominating each category.","A treemap shows the allocation of multi-trillion dollar COVID-19 relief funds across five main categories. The largest shares went to Individuals and families ($1.8 trillion) and Businesses ($1.7 trillion), with stimulus checks and the Paycheck Protection Program representing the highest individual allocations within those categories.","A treemap visualization shows the breakdown of COVID-19 relief spending across five main categories. The largest spending categories are ""Individuals and families"" at $1.8 trillion and ""Businesses"" at $1.7 trillion, comprising the vast majority of the relief funds. The peak individual spending component is the ""Paycheck Protection Program"" for businesses at $835 billion, while the lowest recorded value is ""Election security"" under State and Local Aid, at $0.4 billion. The visualization clearly illustrates that direct aid to individuals and businesses received the highest allocations, with other categories like ""State and local aid,"" ""Health care,"" and ""Other"" receiving substantially smaller proportions.","A treemap visualizes the allocation of over $5 trillion across various sectors, dominated by Individuals and families ($1.8 trillion) and Businesses ($1.7 trillion). The largest individual allocations were the Paycheck Protection Program ($835 billion) and Stimulus checks ($817 billion), while the smallest was Election security ($0.4 billion), illustrating the broad scope and specific large-scale financial relief provided.","A treemap lays out how literally trillions of dollars were dished out, with individual stimulus checks and business Paycheck Protection Program funds taking up the biggest chunks, showing exactly where all that pandemic cash landed.","A treemap visualization shows financial allocations across five main categories: Individuals and families ($1.8 trillion), Businesses ($1.7 trillion), State and local aid ($745 billion), Health care ($482 billion), and Other ($288 billion). The highest individual allocation is $835 billion for the Paycheck Protection Program, and the lowest is $0.4 billion for Election security."
venn_diagram.png,"A Venn diagram shows the common and unique ingredients for three recipes: Cauliflower, Paneer & Lentil Salad; Zucchini, Feta & Lemon Pasta; and Herb-Marinated Seared Tofu. The diagram shows that Pepper, Olive Oil, and Salt are common to all three recipes, with the Herb-Marinated Seared Tofu having the fewest unique ingredients and sharing the most ingredients with the Cauliflower, Paneer & Lentil Salad.","A Venn diagram illustrates the ingredients for three different recipes: Cauliflower, Paneer & Lentil Salad; Zucchini, Feta & Lemon Pasta; and Herb-Marinated Seared Tofu. It clearly shows which ingredients are unique to each dish and which are shared, with common seasonings like salt, pepper, and olive oil being used in all three recipes.","A Venn diagram shows the ingredients for three distinct dishes: Cauliflower, Paneer & Lentil Salad; Zucchini, Feta & Lemon Pasta; and Herb-Marinated Seared Tofu. Each circle represents a dish, with ingredients unique to that dish listed within its non-overlapping area. The overlapping sections indicate ingredients shared between dishes; for instance, 'Feta' is common to the Cauliflower, Paneer & Lentil Salad and Zucchini, Feta & Lemon Pasta. The central intersection contains ingredients common to all three dishes, specifically 'Pepper', 'Olive Oil', and 'Salt'.","A Venn diagram illustrates the ingredients used in three different recipes: Cauliflower, Paneer & Lentil Salad; Zucchini, Feta & Lemon Pasta; and Herb-Marinated Seared Tofu. It highlights that pepper, olive oil, and salt are common to all three dishes, while other ingredients like feta or cilantro are shared between specific pairs of recipes, and many are unique to just one.","A Venn diagram shows the delicious overlap of ingredients for three recipes: Cauliflower, Paneer & Lentil Salad, Zucchini, Feta & Lemon Pasta, and Herb-Marinated Seared Tofu, revealing that while some items like Rice stay in their lane, essentials like salt, pepper, and olive oil are clearly the life of every kitchen party.","A Venn diagram illustrates the ingredients for three recipes: Cauliflower, Paneer & Lentil Salad; Zucchini, Feta & Lemon Pasta; and Herb-Marinated Seared Tofu. The diagram displays ingredients unique to each recipe as well as common ingredients shared between two or all three recipes, with the number of ingredients in any distinct section ranging from one to four."
violin_plot.png,"A violin plot titled State Anxiety shows score distributions for Baseline, Sub-acute Session, and Follow-up. Scores range from approximately 12 at Baseline to a maximum of about 67, with overall scores and their spread generally decreasing across subsequent sessions to a maximum of around 50 at Follow-up.","A violin plot titled ""State Anxiety"" shows the distribution of scores across Baseline, Sub-acute Session, and Follow-up time points. State anxiety scores, which initially ranged highest at Baseline (up to about 70), significantly decrease and become more concentrated in the lower range (mostly below 40) during the Sub-acute Session and Follow-up.","A violin plot titled ""State Anxiety"" shows the distribution of ""Score"" on the Y-axis (0-90) across three time points on the X-axis: ""Baseline"", ""Sub-acute Session"", and ""Follow-up"". The Baseline group displays a broad score distribution, peaking around 30-40, with individual scores ranging from approximately 15 to nearly 70, showing some higher scores. Moving to the Sub-acute Session and Follow-up, there's a clear downward trend in scores and a narrowing of the distributions. The Sub-acute session's scores largely fall between 12 and 53, peaking around 20-30, while the Follow-up scores range from about 10 to 49, also peaking around 20-30. Overall, the visualization indicates a reduction in state anxiety scores over time, with the highest scores observed at Baseline and the lowest overall scores during Follow-up.","A violin plot titled ""State Anxiety"" shows the distribution of anxiety scores across three time points: Baseline, Sub-acute Session, and Follow-up. The scores generally decrease from a maximum of about 70 at Baseline to around 50 at Follow-up, indicating a trend of reduced state anxiety and less variability over time, with minimum scores consistently around 12-18 across all groups.","A violin swarm plot titled ""State Anxiety"" shows scores taking a noticeable dip from ""Baseline"" to the ""Sub-acute Session"" – phew, relief! – but then they tick up ever so slightly again by ""Follow-up"", not quite maintaining that chill.","A violin plot titled ""State Anxiety"" displays the distribution of scores across three categories: Baseline, Sub-acute Session, and Follow-up, indicating a general decrease in scores over time. The scores shown range from approximately 12 to 68."
word_cloud.jpg,"A word cloud shows various words where ""Knowledge"" is the largest, most prominent word, followed by ""learning,"" ""development,"" ""student,"" and ""education."" The smallest words include ""dope,"" ""scoop,"" and ""dirt,"" with word size indicating relative prominence.","A word cloud centered on the word ""Knowledge"" shows a hierarchy of related terms. The largest words, such as ""learning,"" ""development,"" and ""education,"" are most prominent, while many smaller words like ""dope,"" ""scoop,"" and ""tuition"" also appear, illustrating various concepts connected to the central theme.","A word cloud shows various terms related to ""Knowledge,"" which is the largest and most central word, acting as the primary theme. The size of each word indicates its prominence or frequency, with ""Knowledge"" representing the peak value. Other highly prominent words include ""learning,"" ""education,"" ""development,"" ""student,"" ""comprehension,"" ""proficiency,"" ""motivation,"" and ""wisdom."" A wide array of smaller terms, such as ""faculty,"" ""insight,"" ""academics,"" and ""curriculum,"" are also present, reflecting diverse aspects associated with the central theme.","A word cloud titled ""Knowledge"" shows that ""Knowledge"" is the central and most prominent concept, with other large words like ""learning,"" ""education,"" and ""development"" being key features. It illustrates a wide range of terms associated with the acquisition, understanding, and application of knowledge, ranging from its core elements to more specific related concepts like ""curriculum"" or ""dogma.""","A word cloud titled 'Knowledge' shows that while 'Knowledge' itself is absolutely massive, surrounded by its trusty sidekicks like 'learning' and 'education,' pretty much everything else, from 'comprehension' to a tiny, surprising 'dope,' is just a smaller piece of that big intellectual pie.","A word cloud displays various terms, with font size representing their prominence or frequency. The word ""Knowledge"" is the largest, followed by ""learning"" and ""education,"" while the smallest words include terms such as ""dope,"" ""dirt,"" and ""scoop."""
